Timestamp,Temperature_C,Humidity_pct,Soil_Moisture_pct,Light_Lux,Pump_Active,Grow_Light_Active,Exhaust_Fan_Active
2026-09-25 14:32:40,ERR,ERR,ERR,ERR,False,False,False
2026-09-25 14:32:42,ERR,ERR,ERR,ERR,False,False,False
2026-09-25 14:32:44,ERR,ERR,ERR,ERR,False,False,False
2026-09-25 14:32:46,ERR,ERR,ERR,ERR,False,False,False
2026-09-25 14:32:48,ERR,ERR,ERR,ERR,False,False,False
2026-09-25 14:32:50,ERR,ERR,ERR,ERR,False,False,False
2026-09-25 14:32:52,ERR,ERR,ERR,ERR,False,False,False
2026-09-25 14:32:54,ERR,ERR,ERR,ERR,False,False,False
2026-09-25 14:32:56,ERR,ERR,ERR,ERR,False,False,False
2026-09-25 14:32:58,ERR,ERR,ERR,ERR,False,False,False
2026-09-25 14:33:00,ERR,ERR,ERR,ERR,False,False,False
2026-09-25 14:33:02,ERR,ERR,ERR,ERR,False,False,False
2026-09-25 14:33:04,ERR,ERR,ERR,ERR,False,False,False
2026-09-25 14:33:06,ERR,ERR,ERR,ERR,False,False,False
2026-09-25 14:33:08,ERR,ERR,ERR,ERR,False,False,False
2026-09-25 14:33:10,ERR,ERR,ERR,ERR,False,False,False
2026-09-25 14:33:11,ERR,ERR,ERR,ERR,False,False,False
2026-09-25 14:33:12,ERR,ERR,ERR,ERR,False,False,False
2026-09-25 14:33:13,ERR,ERR,ERR,ERR,False,False,False
2026-09-25 14:33:14,ERR,ERR,ERR,ERR,False,False,False
2026-09-25 14:33:15,ERR,ERR,ERR,ERR,False,False,False
2026-09-25 14:33:16,ERR,ERR,ERR,ERR,False,False,False
2026-09-25 14:33:17,ERR,ERR,ERR,ERR,False,False,False
2026-09-25 14:33:18,ERR,ERR,ERR,ERR,False,False,False
2026-09-25 14:33:19,ERR,ERR,ERR,ERR,False,False,False
2026-09-25 14:33:20,ERR,ERR,ERR,ERR,False,False,False
2026-09-25 14:33:21,ERR,ERR,ERR,ERR,False,False,False
2026-09-25 14:33:22,ERR,ERR,ERR,ERR,False,False,False
2026-09-25 14:33:23,ERR,ERR,ERR,ERR,False,False,False
2026-09-25 14:33:24,ERR,ERR,ERR,ERR,False,False,False
2026-09-25 14:33:25,ERR,ERR,ERR,ERR,False,False,False
2026-09-25 14:33:26,ERR,ERR,ERR,ERR,False,False,False
2026-09-25 14:33:28,ERR,ERR,ERR,ERR,False,False,False
2026-09-25 14:33:30,ERR,ERR,ERR,ERR,False,False,False
2026-09-25 14:33:32,ERR,ERR,ERR,ERR,False,False,False
2026-09-25 14:33:34,ERR,ERR,ERR,ERR,False,False,False
2026-09-25 14:33:36,ERR,ERR,ERR,ERR,False,False,False
2026-09-25 14:33:38,ERR,ERR,ERR,ERR,False,False,False
2026-09-25 14:33:38,ERR,ERR,ERR,ERR,False,False,False
2026-09-25 14:33:40,ERR,ERR,ERR,ERR,False,False,False
2026-09-25 14:33:40,ERR,ERR,ERR,ERR,False,False,False
2026-09-25 14:33:42,ERR,ERR,ERR,ERR,False,False,False
2026-09-25 14:33:42,ERR,ERR,ERR,ERR,False,False,False
2026-09-25 14:33:44,ERR,ERR,ERR,ERR,False,False,False
2026-09-25 14:33:44,ERR,ERR,ERR,ERR,False,False,False
2026-09-25 14:33:46,ERR,ERR,ERR,ERR,False,False,False
2026-09-25 14:33:46,ERR,ERR,ERR,ERR,False,False,False
2026-09-25 14:33:48,ERR,ERR,ERR,ERR,False,False,False
2026-09-25 14:33:48,ERR,ERR,ERR,ERR,False,False,False
2026-09-25 14:33:50,ERR,ERR,ERR,ERR,False,False,False
2026-09-25 14:33:50,ERR,ERR,ERR,ERR,False,False,False
2026-09-25 14:33:52,ERR,ERR,ERR,ERR,False,False,False
2026-09-25 14:33:52,ERR,ERR,ERR,ERR,False,False,False
2026-09-25 14:33:54,ERR,ERR,ERR,ERR,False,False,False
2026-09-25 14:33:54,ERR,ERR,ERR,ERR,False,False,False
2026-09-25 14:33:56,ERR,ERR,ERR,ERR,False,False,False
2026-09-25 14:33:56,ERR,ERR,ERR,ERR,False,False,False
2026-09-25 14:33:58,ERR,ERR,ERR,ERR,False,False,False
2026-09-25 14:33:58,ERR,ERR,ERR,ERR,False,False,False
2026-09-25 14:34:00,ERR,ERR,ERR,ERR,False,False,False
2026-09-25 14:34:00,ERR,ERR,ERR,ERR,False,False,False
2026-09-25 14:34:02,ERR,ERR,ERR,ERR,False,False,False
2026-09-25 14:34:02,ERR,ERR,ERR,ERR,False,False,False
2026-09-25 14:34:04,ERR,ERR,ERR,ERR,False,False,False
2026-09-25 14:34:06,ERR,ERR,ERR,ERR,False,False,False
2026-09-25 14:34:07,ERR,ERR,ERR,ERR,False,False,False
2026-09-25 14:34:08,ERR,ERR,ERR,ERR,False,False,False
2026-09-25 14:34:10,ERR,ERR,ERR,ERR,False,False,False
2026-09-25 14:34:10,ERR,ERR,ERR,ERR,False,False,False
2026-09-25 14:34:12,ERR,ERR,ERR,ERR,False,False,False
2026-09-25 14:34:14,ERR,ERR,ERR,ERR,False,False,False
2026-09-25 14:34:16,ERR,ERR,ERR,ERR,False,False,False
2026-09-25 14:34:18,ERR,ERR,ERR,ERR,False,False,False
2026-09-25 14:34:20,ERR,ERR,ERR,ERR,False,False,False
2026-09-25 14:34:22,ERR,ERR,ERR,ERR,False,False,False
2026-09-25 14:34:24,ERR,ERR,ERR,ERR,False,False,False
2026-09-25 14:34:26,ERR,ERR,ERR,ERR,False,False,False
2026-09-25 14:34:28,ERR,ERR,ERR,ERR,False,False,False
2026-09-25 14:34:30,ERR,ERR,ERR,ERR,False,False,False
2026-09-25 14:34:32,ERR,ERR,ERR,ERR,False,False,False
2026-09-25 14:34:34,ERR,ERR,ERR,ERR,False,False,False
2026-09-25 14:34:36,ERR,ERR,ERR,ERR,False,False,False
2026-09-25 14:34:38,ERR,ERR,ERR,ERR,False,False,False
2026-09-25 14:34:40,ERR,ERR,ERR,ERR,False,False,False
2026-09-25 14:34:42,ERR,ERR,ERR,ERR,False,False,False
2026-09-25 14:34:44,ERR,ERR,ERR,ERR,False,False,False
2026-09-25 14:34:46,ERR,ERR,ERR,ERR,False,False,False
2026-09-25 14:34:48,ERR,ERR,ERR,ERR,False,False,False
2026-09-25 14:34:48,ERR,ERR,ERR,ERR,False,False,False
2026-09-25 14:34:50,ERR,ERR,ERR,ERR,False,False,False
2026-09-25 14:34:50,ERR,ERR,ERR,ERR,False,False,False
2026-09-25 14:34:52,ERR,ERR,ERR,ERR,False,False,False
2026-09-25 14:34:52,ERR,ERR,ERR,ERR,False,False,False
2026-09-25 14:34:54,ERR,ERR,ERR,ERR,False,False,False
2026-09-25 14:34:54,ERR,ERR,ERR,ERR,False,False,False
2026-09-25 14:34:56,ERR,ERR,ERR,ERR,False,False,False
2026-09-25 14:34:56,ERR,ERR,ERR,ERR,False,False,False
2026-09-25 14:34:58,ERR,ERR,ERR,ERR,False,False,False
2026-09-25 14:34:58,ERR,ERR,ERR,ERR,False,False,False
2026-09-25 14:35:00,ERR,ERR,ERR,ERR,False,False,False
2026-09-25 14:35:00,ERR,ERR,ERR,ERR,False,False,False
2026-09-25 14:35:02,ERR,ERR,ERR,ERR,False,False,False
2026-09-25 14:35:02,ERR,ERR,ERR,ERR,False,False,False
2026-09-25 14:35:04,ERR,ERR,ERR,ERR,False,False,False
2026-09-25 14:35:06,ERR,ERR,ERR,ERR,False,False,False
2026-09-25 14:35:06,ERR,ERR,ERR,ERR,False,False,False
2026-09-25 14:35:08,ERR,ERR,ERR,ERR,False,False,False
2026-09-25 14:35:10,ERR,ERR,ERR,ERR,False,False,False
2026-09-25 14:35:12,ERR,ERR,ERR,ERR,False,False,False
2026-09-25 14:35:14,ERR,ERR,ERR,ERR,False,False,False
2026-09-25 14:35:16,ERR,ERR,ERR,ERR,False,False,False
2026-09-25 14:35:18,ERR,ERR,ERR,ERR,False,False,False
2026-09-25 14:35:20,ERR,ERR,ERR,ERR,False,False,False
2026-09-25 14:35:22,ERR,ERR,ERR,ERR,False,False,False
2026-09-25 14:35:24,ERR,ERR,ERR,ERR,False,False,False
2026-09-25 14:35:26,ERR,ERR,ERR,ERR,False,False,False
2026-09-25 14:35:28,ERR,ERR,ERR,ERR,False,False,False
2026-09-25 14:35:30,ERR,ERR,ERR,ERR,False,False,False
2026-09-25 14:35:32,ERR,ERR,ERR,ERR,False,False,False
2026-09-25 14:35:34,ERR,ERR,ERR,ERR,False,False,False
2026-09-25 14:35:36,ERR,ERR,ERR,ERR,False,False,False
2026-09-25 14:35:38,ERR,ERR,ERR,ERR,False,False,False
2026-09-25 14:35:40,ERR,ERR,ERR,ERR,False,False,False
2026-09-25 14:35:42,ERR,ERR,ERR,ERR,False,False,False
2026-09-25 14:35:44,ERR,ERR,ERR,ERR,False,False,False
2026-09-25 14:35:46,ERR,ERR,ERR,ERR,False,False,False
2026-09-25 14:35:48,ERR,ERR,ERR,ERR,False,False,False
2026-09-25 14:35:50,ERR,ERR,ERR,ERR,False,False,False
2026-09-25 14:35:52,ERR,ERR,ERR,ERR,False,False,False
2026-09-25 14:35:54,ERR,ERR,ERR,ERR,False,False,False
2026-09-25 14:35:56,ERR,ERR,ERR,ERR,False,False,False
2026-09-25 14:35:58,ERR,ERR,ERR,ERR,False,False,False
2026-09-25 14:36:00,ERR,ERR,ERR,ERR,False,False,False
2026-09-25 14:36:02,ERR,ERR,ERR,ERR,False,False,False
2026-09-25 14:36:02,ERR,ERR,ERR,ERR,False,False,False
2026-09-25 14:36:04,ERR,ERR,ERR,ERR,False,False,False
2026-09-25 14:36:04,ERR,ERR,ERR,ERR,False,False,False
2026-09-25 14:36:06,ERR,ERR,ERR,ERR,False,False,False
2026-09-25 14:36:06,ERR,ERR,ERR,ERR,False,False,False
2026-09-25 14:36:08,ERR,ERR,ERR,ERR,False,False,False
2026-09-25 14:36:08,ERR,ERR,ERR,ERR,False,False,False
2026-09-25 14:36:10,ERR,ERR,ERR,ERR,False,False,False
2026-09-25 14:36:10,ERR,ERR,ERR,ERR,False,False,False
2026-09-25 14:36:12,ERR,ERR,ERR,ERR,False,False,False
2026-09-25 14:36:12,ERR,ERR,ERR,ERR,False,False,False
2026-09-25 14:36:14,ERR,ERR,ERR,ERR,False,False,False
2026-09-25 14:36:14,ERR,ERR,ERR,ERR,False,False,False
2026-09-25 14:36:16,ERR,ERR,ERR,ERR,False,False,False
2026-09-25 14:36:16,ERR,ERR,ERR,ERR,False,False,False
2026-09-25 14:36:18,ERR,ERR,ERR,ERR,False,False,False
2026-09-25 14:36:18,ERR,ERR,ERR,ERR,False,False,False
2026-09-25 14:36:20,ERR,ERR,ERR,ERR,False,False,False
2026-09-25 14:36:22,ERR,ERR,ERR,ERR,False,False,False
2026-09-25 14:36:22,ERR,ERR,ERR,ERR,False,False,False
2026-09-25 14:36:24,ERR,ERR,ERR,ERR,False,False,False
2026-09-25 14:36:26,ERR,ERR,ERR,ERR,False,False,False
2026-09-25 14:36:28,ERR,ERR,ERR,ERR,False,False,False
2026-09-25 14:36:30,ERR,ERR,ERR,ERR,False,False,False
2026-09-25 14:36:32,ERR,ERR,ERR,ERR,False,False,False
2026-09-25 14:36:34,ERR,ERR,ERR,ERR,False,False,False
2026-09-25 14:36:36,ERR,ERR,ERR,ERR,False,False,False
2026-09-25 14:36:38,ERR,ERR,ERR,ERR,False,False,False
2026-09-25 14:36:40,ERR,ERR,ERR,ERR,False,False,False
2026-09-25 14:36:42,ERR,ERR,ERR,ERR,False,False,False
2026-09-25 14:36:44,ERR,ERR,ERR,ERR,False,False,False
2026-09-25 14:36:46,ERR,ERR,ERR,ERR,False,False,False
2026-09-25 14:36:48,ERR,ERR,ERR,ERR,False,False,False
2026-09-25 14:36:50,ERR,ERR,ERR,ERR,False,False,False
2026-09-25 14:36:52,ERR,ERR,ERR,ERR,False,False,False
2026-09-25 14:36:54,ERR,ERR,ERR,ERR,False,False,False
2026-09-25 14:36:56,ERR,ERR,ERR,ERR,False,False,False
2026-09-25 14:36:58,ERR,ERR,ERR,ERR,False,False,False
2026-09-25 14:37:00,ERR,ERR,ERR,ERR,False,False,False
2026-09-25 14:37:02,ERR,ERR,ERR,ERR,False,False,False
2026-09-25 14:37:04,ERR,ERR,ERR,ERR,False,False,False
2026-09-25 14:37:06,ERR,ERR,ERR,ERR,False,False,False
2026-09-25 14:37:08,ERR,ERR,ERR,ERR,False,False,False
2026-09-25 14:37:10,ERR,ERR,ERR,ERR,False,False,False
2026-09-25 14:37:12,ERR,ERR,ERR,ERR,False,False,False
2026-09-25 14:37:14,ERR,ERR,ERR,ERR,False,False,False
2026-09-25 14:37:16,ERR,ERR,ERR,ERR,False,False,False
2026-09-25 14:37:16,ERR,ERR,ERR,ERR,False,False,False
2026-09-25 14:37:18,ERR,ERR,ERR,ERR,False,False,False
2026-09-25 14:37:18,ERR,ERR,ERR,ERR,False,False,False
2026-09-25 14:37:20,ERR,ERR,ERR,ERR,False,False,False
2026-09-25 14:37:20,ERR,ERR,ERR,ERR,False,False,False
2026-09-25 14:37:22,ERR,ERR,ERR,ERR,False,False,False
2026-09-25 14:37:22,ERR,ERR,ERR,ERR,False,False,False
2026-09-25 14:37:24,ERR,ERR,ERR,ERR,False,False,False
2026-09-25 14:37:24,ERR,ERR,ERR,ERR,False,False,False
2026-09-25 14:37:26,ERR,ERR,ERR,ERR,False,False,False
2026-09-25 14:37:26,ERR,ERR,ERR,ERR,False,False,False
2026-09-25 14:37:28,ERR,ERR,ERR,ERR,False,False,False
2026-09-25 14:37:28,ERR,ERR,ERR,ERR,False,False,False
2026-09-25 14:37:30,ERR,ERR,ERR,ERR,False,False,False
2026-09-25 14:37:30,ERR,ERR,ERR,ERR,False,False,False
2026-09-25 14:37:32,ERR,ERR,ERR,ERR,False,False,False
2026-09-25 14:37:32,ERR,ERR,ERR,ERR,False,False,False
2026-09-25 14:37:34,ERR,ERR,ERR,ERR,False,False,False
2026-09-25 14:37:34,ERR,ERR,ERR,ERR,False,False,False
2026-09-25 14:37:36,ERR,ERR,ERR,ERR,False,False,False
2026-09-25 14:37:36,ERR,ERR,ERR,ERR,False,False,False
2026-09-25 14:37:38,ERR,ERR,ERR,ERR,False,False,False
2026-09-25 14:37:38,ERR,ERR,ERR,ERR,False,False,False
2026-09-25 14:37:40,ERR,ERR,ERR,ERR,False,False,False
2026-09-25 14:37:40,ERR,ERR,ERR,ERR,False,False,False
2026-09-25 14:37:42,ERR,ERR,ERR,ERR,False,False,False
2026-09-25 14:37:42,ERR,ERR,ERR,ERR,False,False,False
2026-09-25 14:37:44,ERR,ERR,ERR,ERR,False,False,False
2026-09-25 14:37:44,ERR,ERR,ERR,ERR,False,False,False
2026-09-25 14:37:46,ERR,ERR,ERR,ERR,False,False,False
2026-09-25 14:37:46,ERR,ERR,ERR,ERR,False,False,False
2026-09-25 14:37:48,ERR,ERR,ERR,ERR,False,False,False
2026-09-25 14:37:48,ERR,ERR,ERR,ERR,False,False,False
2026-09-25 14:37:50,ERR,ERR,ERR,ERR,False,False,False
2026-09-25 14:37:50,ERR,ERR,ERR,ERR,False,False,False
2026-09-25 14:37:52,ERR,ERR,ERR,ERR,False,False,False
2026-09-25 14:37:52,ERR,ERR,ERR,ERR,False,False,False
2026-09-25 14:37:54,ERR,ERR,ERR,ERR,False,False,False
2026-09-25 14:37:54,ERR,ERR,ERR,ERR,False,False,False
2026-09-25 14:37:56,ERR,ERR,ERR,ERR,False,False,False
2026-09-25 14:37:56,ERR,ERR,ERR,ERR,False,False,False
2026-09-25 14:37:58,ERR,ERR,ERR,ERR,False,False,False
2026-09-25 14:37:58,ERR,ERR,ERR,ERR,False,False,False
2026-09-25 14:38:00,ERR,ERR,ERR,ERR,False,False,False
2026-09-25 14:38:00,ERR,ERR,ERR,ERR,False,False,False
2026-09-25 14:38:02,ERR,ERR,ERR,ERR,False,False,False
2026-09-25 14:38:02,ERR,ERR,ERR,ERR,False,False,False
2026-09-25 14:38:04,ERR,ERR,ERR,ERR,False,False,False
2026-09-25 14:38:04,ERR,ERR,ERR,ERR,False,False,False
2026-09-25 14:38:06,ERR,ERR,ERR,ERR,False,False,False
2026-09-25 14:38:06,ERR,ERR,ERR,ERR,False,False,False
2026-09-25 14:38:08,ERR,ERR,ERR,ERR,False,False,False
2026-09-25 14:38:08,ERR,ERR,ERR,ERR,False,False,False
2026-09-25 14:38:10,ERR,ERR,ERR,ERR,False,False,False
2026-09-25 14:38:10,ERR,ERR,ERR,ERR,False,False,False
2026-09-25 14:38:12,ERR,ERR,ERR,ERR,False,False,False
2026-09-25 14:38:12,ERR,ERR,ERR,ERR,False,False,False
2026-09-25 14:38:14,ERR,ERR,ERR,ERR,False,False,False
2026-09-25 14:38:14,ERR,ERR,ERR,ERR,False,False,False
2026-09-25 14:38:16,ERR,ERR,ERR,ERR,False,False,False
2026-09-25 14:38:16,ERR,ERR,ERR,ERR,False,False,False
2026-09-25 14:38:18,ERR,ERR,ERR,ERR,False,False,False
2026-09-25 14:38:18,ERR,ERR,ERR,ERR,False,False,False
2026-09-25 14:38:20,ERR,ERR,ERR,ERR,False,False,False
2026-09-25 14:38:20,ERR,ERR,ERR,ERR,False,False,False
2026-09-25 14:38:22,ERR,ERR,ERR,ERR,False,False,False
2026-09-25 14:38:22,ERR,ERR,ERR,ERR,False,False,False
2026-09-25 14:38:24,ERR,ERR,ERR,ERR,False,False,False
2026-09-25 14:38:24,ERR,ERR,ERR,ERR,False,False,False
2026-09-25 14:38:26,ERR,ERR,ERR,ERR,False,False,False
2026-09-25 14:38:26,ERR,ERR,ERR,ERR,False,False,False
2026-09-25 14:38:28,ERR,ERR,ERR,ERR,False,False,False
2026-09-25 14:38:28,ERR,ERR,ERR,ERR,False,False,False
2026-09-25 14:38:30,ERR,ERR,ERR,ERR,False,False,False
2026-09-25 14:38:30,ERR,ERR,ERR,ERR,False,False,False
2026-09-25 14:38:32,ERR,ERR,ERR,ERR,False,False,False
2026-09-25 14:38:34,ERR,ERR,ERR,ERR,False,False,False
2026-09-25 14:38:36,ERR,ERR,ERR,ERR,False,False,False
2026-09-25 14:38:37,ERR,ERR,ERR,ERR,False,False,False
2026-09-25 14:38:38,ERR,ERR,ERR,ERR,False,False,False
2026-09-25 14:38:39,ERR,ERR,ERR,ERR,False,False,False
2026-09-25 14:38:40,ERR,ERR,ERR,ERR,False,False,False
2026-09-25 14:38:41,ERR,ERR,ERR,ERR,False,False,False
2026-09-25 14:38:42,ERR,ERR,ERR,ERR,False,False,False
2026-09-25 14:38:43,ERR,ERR,ERR,ERR,False,False,False
2026-09-25 14:38:44,ERR,ERR,ERR,ERR,False,False,False
2026-09-25 14:38:45,ERR,ERR,ERR,ERR,False,False,False
2026-09-25 14:38:46,ERR,ERR,ERR,ERR,False,False,False
2026-09-25 14:38:47,ERR,ERR,ERR,ERR,False,False,False
2026-09-25 14:38:48,ERR,ERR,ERR,ERR,False,False,False
2026-09-25 14:38:49,ERR,ERR,ERR,ERR,False,False,False
2026-09-25 14:38:50,ERR,ERR,ERR,ERR,False,False,False
2026-09-25 14:38:51,ERR,ERR,ERR,ERR,False,False,False
2026-09-25 14:38:52,ERR,ERR,ERR,ERR,False,False,False
2026-09-25 14:38:54,ERR,ERR,ERR,ERR,False,False,False
2026-09-25 14:38:56,ERR,ERR,ERR,ERR,False,False,False
2026-09-25 14:38:56,ERR,ERR,ERR,ERR,False,False,False
2026-09-25 14:38:58,ERR,ERR,ERR,ERR,False,False,False
2026-09-25 14:38:58,ERR,ERR,ERR,ERR,False,False,False
2026-09-25 14:39:00,ERR,ERR,ERR,ERR,False,False,False
2026-09-25 14:39:00,ERR,ERR,ERR,ERR,False,False,False
2026-09-25 14:39:02,ERR,ERR,ERR,ERR,False,False,False
2026-09-25 14:39:02,ERR,ERR,ERR,ERR,False,False,False
2026-09-25 14:39:02,ERR,ERR,ERR,ERR,False,False,False
2026-09-25 14:39:04,ERR,ERR,ERR,ERR,False,False,False
2026-09-25 14:39:04,ERR,ERR,ERR,ERR,False,False,False
2026-09-25 14:39:04,ERR,ERR,ERR,ERR,False,False,False
2026-09-25 14:39:06,ERR,ERR,ERR,ERR,False,False,False
2026-09-25 14:39:06,ERR,ERR,ERR,ERR,False,False,False
2026-09-25 14:39:06,ERR,ERR,ERR,ERR,False,False,False
2026-09-25 14:39:08,ERR,ERR,ERR,ERR,False,False,False
2026-09-25 14:39:08,ERR,ERR,ERR,ERR,False,False,False
2026-09-25 14:39:08,ERR,ERR,ERR,ERR,False,False,False
2026-09-25 14:39:10,ERR,ERR,ERR,ERR,False,False,False
2026-09-25 14:39:10,ERR,ERR,ERR,ERR,False,False,False
2026-09-25 14:39:10,ERR,ERR,ERR,ERR,False,False,False
2026-09-25 14:39:12,ERR,ERR,ERR,ERR,False,False,False
2026-09-25 14:39:12,ERR,ERR,ERR,ERR,False,False,False
2026-09-25 14:39:12,ERR,ERR,ERR,ERR,False,False,False
2026-09-25 14:39:14,ERR,ERR,ERR,ERR,False,False,False
2026-09-25 14:39:14,ERR,ERR,ERR,ERR,False,False,False
2026-09-25 14:39:14,ERR,ERR,ERR,ERR,False,False,False
2026-09-25 14:39:16,ERR,ERR,ERR,ERR,False,False,False
2026-09-25 14:39:16,ERR,ERR,ERR,ERR,False,False,False
2026-09-25 14:39:16,ERR,ERR,ERR,ERR,False,False,False
2026-09-25 14:39:18,ERR,ERR,ERR,ERR,False,False,False
2026-09-25 14:39:18,ERR,ERR,ERR,ERR,False,False,False
2026-09-25 14:39:18,ERR,ERR,ERR,ERR,False,False,False
2026-09-25 14:39:20,ERR,ERR,ERR,ERR,False,False,False
2026-09-25 14:39:20,ERR,ERR,ERR,ERR,False,False,False
2026-09-25 14:39:20,ERR,ERR,ERR,ERR,False,False,False
2026-09-25 14:39:22,ERR,ERR,ERR,ERR,False,False,False
2026-09-25 14:39:22,ERR,ERR,ERR,ERR,False,False,False
2026-09-25 14:39:22,ERR,ERR,ERR,ERR,False,False,False
2026-09-25 14:39:24,ERR,ERR,ERR,ERR,False,False,False
2026-09-25 14:39:24,ERR,ERR,ERR,ERR,False,False,False
2026-09-25 14:39:24,ERR,ERR,ERR,ERR,False,False,False
2026-09-25 14:39:26,ERR,ERR,ERR,ERR,False,False,False
2026-09-25 14:39:26,ERR,ERR,ERR,ERR,False,False,False
2026-09-25 14:39:26,ERR,ERR,ERR,ERR,False,False,False
2026-09-25 14:39:28,ERR,ERR,ERR,ERR,False,False,False
2026-09-25 14:39:28,ERR,ERR,ERR,ERR,False,False,False
2026-09-25 14:39:28,ERR,ERR,ERR,ERR,False,False,False
2026-09-25 14:39:30,ERR,ERR,ERR,ERR,False,False,False
2026-09-25 14:39:30,ERR,ERR,ERR,ERR,False,False,False
2026-09-25 14:39:30,ERR,ERR,ERR,ERR,False,False,False
2026-09-25 14:39:32,ERR,ERR,ERR,ERR,False,False,False
2026-09-25 14:39:32,ERR,ERR,ERR,ERR,False,False,False
2026-09-25 14:39:32,ERR,ERR,ERR,ERR,False,False,False
2026-09-25 14:39:34,ERR,ERR,ERR,ERR,False,False,False
2026-09-25 14:39:34,ERR,ERR,ERR,ERR,False,False,False
2026-09-25 14:39:34,ERR,ERR,ERR,ERR,False,False,False
2026-09-25 14:39:36,ERR,ERR,ERR,ERR,False,False,False
2026-09-25 14:39:36,ERR,ERR,ERR,ERR,False,False,False
2026-09-25 14:39:36,ERR,ERR,ERR,ERR,False,False,False
2026-09-25 14:39:38,ERR,ERR,ERR,ERR,False,False,False
2026-09-25 14:39:38,ERR,ERR,ERR,ERR,False,False,False
2026-09-25 14:39:38,ERR,ERR,ERR,ERR,False,False,False
2026-09-25 14:39:40,ERR,ERR,ERR,ERR,False,False,False
2026-09-25 14:39:40,ERR,ERR,ERR,ERR,False,False,False
2026-09-25 14:39:40,ERR,ERR,ERR,ERR,False,False,False
2026-09-25 14:39:42,ERR,ERR,ERR,ERR,False,False,False
2026-09-25 14:39:42,ERR,ERR,ERR,ERR,False,False,False
2026-09-25 14:39:42,ERR,ERR,ERR,ERR,False,False,False
2026-09-25 14:39:44,ERR,ERR,ERR,ERR,False,False,False
2026-09-25 14:39:44,ERR,ERR,ERR,ERR,False,False,False
2026-09-25 14:39:44,ERR,ERR,ERR,ERR,False,False,False
2026-09-25 14:39:46,ERR,ERR,ERR,ERR,False,False,False
2026-09-25 14:39:46,ERR,ERR,ERR,ERR,False,False,False
2026-09-25 14:39:46,ERR,ERR,ERR,ERR,False,False,False
2026-09-25 14:39:48,ERR,ERR,ERR,ERR,False,False,False
2026-09-25 14:39:48,ERR,ERR,ERR,ERR,False,False,False
2026-09-25 14:39:48,ERR,ERR,ERR,ERR,False,False,False
2026-09-25 14:39:50,ERR,ERR,ERR,ERR,False,False,False
2026-09-25 14:39:50,ERR,ERR,ERR,ERR,False,False,False
2026-09-25 14:39:50,ERR,ERR,ERR,ERR,False,False,False
2026-09-25 14:39:52,ERR,ERR,ERR,ERR,False,False,False
2026-09-25 14:39:52,ERR,ERR,ERR,ERR,False,False,False
2026-09-25 14:39:52,ERR,ERR,ERR,ERR,False,False,False
2026-09-25 14:39:54,ERR,ERR,ERR,ERR,False,False,False
2026-09-25 14:39:54,ERR,ERR,ERR,ERR,False,False,False
2026-09-25 14:39:54,ERR,ERR,ERR,ERR,False,False,False
2026-09-25 14:39:56,ERR,ERR,ERR,ERR,False,False,False
2026-09-25 14:39:56,ERR,ERR,ERR,ERR,False,False,False
2026-09-25 14:39:56,ERR,ERR,ERR,ERR,False,False,False
2026-09-25 14:39:58,ERR,ERR,ERR,ERR,False,False,False
2026-09-25 14:39:58,ERR,ERR,ERR,ERR,False,False,False
2026-09-25 14:39:58,ERR,ERR,ERR,ERR,False,False,False
2026-09-25 14:40:00,ERR,ERR,ERR,ERR,False,False,False
2026-09-25 14:40:00,ERR,ERR,ERR,ERR,False,False,False
2026-09-25 14:40:00,ERR,ERR,ERR,ERR,False,False,False
2026-09-25 14:40:02,ERR,ERR,ERR,ERR,False,False,False
2026-09-25 14:40:02,ERR,ERR,ERR,ERR,False,False,False
2026-09-25 14:40:02,ERR,ERR,ERR,ERR,False,False,False
2026-09-25 14:40:04,ERR,ERR,ERR,ERR,False,False,False
2026-09-25 14:40:04,ERR,ERR,ERR,ERR,False,False,False
2026-09-25 14:40:04,ERR,ERR,ERR,ERR,False,False,False
2026-09-25 14:40:06,ERR,ERR,ERR,ERR,False,False,False
2026-09-25 14:40:06,ERR,ERR,ERR,ERR,False,False,False
2026-09-25 14:40:06,ERR,ERR,ERR,ERR,False,False,False
2026-09-25 14:40:08,ERR,ERR,ERR,ERR,False,False,False
2026-09-25 14:40:08,ERR,ERR,ERR,ERR,False,False,False
2026-09-25 14:40:08,ERR,ERR,ERR,ERR,False,False,False
2026-09-25 14:40:10,ERR,ERR,ERR,ERR,False,False,False
2026-09-25 14:40:10,ERR,ERR,ERR,ERR,False,False,False
2026-09-25 14:40:10,ERR,ERR,ERR,ERR,False,False,False
2026-09-25 14:40:12,ERR,ERR,ERR,ERR,False,False,False
2026-09-25 14:40:12,ERR,ERR,ERR,ERR,False,False,False
2026-09-25 14:40:12,ERR,ERR,ERR,ERR,False,False,False
2026-09-25 14:40:14,ERR,ERR,ERR,ERR,False,False,False
2026-09-25 14:40:14,ERR,ERR,ERR,ERR,False,False,False
2026-09-25 14:40:14,ERR,ERR,ERR,ERR,False,False,False
2026-09-25 14:40:16,ERR,ERR,ERR,ERR,False,False,False
2026-09-25 14:40:16,ERR,ERR,ERR,ERR,False,False,False
2026-09-25 14:40:16,ERR,ERR,ERR,ERR,False,False,False
2026-09-25 14:40:18,ERR,ERR,ERR,ERR,False,False,False
2026-09-25 14:40:18,ERR,ERR,ERR,ERR,False,False,False
2026-09-25 14:40:20,ERR,ERR,ERR,ERR,False,False,False
2026-09-25 14:40:20,ERR,ERR,ERR,ERR,False,False,False
2026-09-25 14:40:20,ERR,ERR,ERR,ERR,False,False,False
2026-09-25 14:40:22,ERR,ERR,ERR,ERR,False,False,False
2026-09-25 14:40:24,ERR,ERR,ERR,ERR,False,False,False
2026-09-25 14:40:24,ERR,ERR,ERR,ERR,False,False,False
2026-09-25 14:40:26,ERR,ERR,ERR,ERR,False,False,False
2026-09-25 14:40:28,ERR,ERR,ERR,ERR,False,False,False
2026-09-25 14:40:30,ERR,ERR,ERR,ERR,False,False,False
2026-09-25 14:40:32,ERR,ERR,ERR,ERR,False,False,False
2026-09-25 14:40:34,ERR,ERR,ERR,ERR,False,False,False
2026-09-25 14:40:36,ERR,ERR,ERR,ERR,False,False,False
2026-09-25 14:40:38,ERR,ERR,ERR,ERR,False,False,False
2026-09-25 14:40:40,ERR,ERR,ERR,ERR,False,False,False
2026-09-25 14:40:42,ERR,ERR,ERR,ERR,False,False,False
2026-09-25 14:40:44,ERR,ERR,ERR,ERR,False,False,False
2026-09-25 14:40:46,ERR,ERR,ERR,ERR,False,False,False
2026-09-25 14:40:48,ERR,ERR,ERR,ERR,False,False,False
2026-09-25 14:40:50,ERR,ERR,ERR,ERR,False,False,False
2026-09-25 14:40:52,ERR,ERR,ERR,ERR,False,False,False
2026-09-25 14:40:54,ERR,ERR,ERR,ERR,False,False,False
2026-09-25 14:40:56,ERR,ERR,ERR,ERR,False,False,False
2026-09-25 14:40:57,ERR,ERR,ERR,ERR,False,False,False
2026-09-25 14:40:58,ERR,ERR,ERR,ERR,False,False,False
2026-09-25 14:40:59,ERR,ERR,ERR,ERR,False,False,False
2026-09-25 14:41:00,ERR,ERR,ERR,ERR,False,False,False
2026-09-25 14:41:01,ERR,ERR,ERR,ERR,False,False,False
2026-09-25 14:41:02,ERR,ERR,ERR,ERR,False,False,False
2026-09-25 14:41:03,ERR,ERR,ERR,ERR,False,False,False
2026-09-25 14:41:04,ERR,ERR,ERR,ERR,False,False,False
2026-09-25 14:41:05,ERR,ERR,ERR,ERR,False,False,False
2026-09-25 14:41:06,ERR,ERR,ERR,ERR,False,False,False
2026-09-25 14:41:07,ERR,ERR,ERR,ERR,False,False,False
2026-09-25 14:41:08,ERR,ERR,ERR,ERR,False,False,False
2026-09-25 14:41:09,ERR,ERR,ERR,ERR,False,False,False
2026-09-25 14:41:10,ERR,ERR,ERR,ERR,False,False,False
2026-09-25 14:41:11,ERR,ERR,ERR,ERR,False,False,False
2026-09-25 14:41:12,ERR,ERR,ERR,ERR,False,False,False
2026-09-25 14:41:13,ERR,ERR,ERR,ERR,False,False,False
2026-09-25 14:41:14,ERR,ERR,ERR,ERR,False,False,False
2026-09-25 14:41:15,ERR,ERR,ERR,ERR,False,False,False
2026-09-25 14:41:16,ERR,ERR,ERR,ERR,False,False,False
2026-09-25 14:41:17,ERR,ERR,ERR,ERR,False,False,False
2026-09-25 14:41:18,ERR,ERR,ERR,ERR,False,False,False
2026-09-25 14:41:19,ERR,ERR,ERR,ERR,False,False,False
2026-09-25 14:41:20,ERR,ERR,ERR,ERR,False,False,False
2026-09-25 14:41:21,ERR,ERR,ERR,ERR,False,False,False
2026-09-25 14:41:22,ERR,ERR,ERR,ERR,False,False,False
2026-09-25 14:41:23,ERR,ERR,ERR,ERR,False,False,False
2026-09-25 14:41:24,ERR,ERR,ERR,ERR,False,False,False
2026-09-25 14:41:25,ERR,ERR,ERR,ERR,False,False,False
2026-09-25 14:41:26,ERR,ERR,ERR,ERR,False,False,False
2026-09-25 14:41:28,ERR,ERR,ERR,ERR,False,False,False
2026-09-25 14:41:28,ERR,ERR,ERR,ERR,False,False,False
2026-09-25 14:41:30,ERR,ERR,ERR,ERR,False,False,False
2026-09-25 14:41:32,ERR,ERR,ERR,ERR,False,False,False
2026-09-25 14:41:34,ERR,ERR,ERR,ERR,False,False,False
2026-09-25 14:41:52,ERR,ERR,ERR,ERR,False,False,False
2026-09-25 14:41:54,29.8,76,88,0,False,False,False
2026-09-25 14:41:56,29.8,76,89,0,False,False,False
2026-09-25 14:41:58,29.8,76,88,0,False,False,False
2026-09-25 14:42:00,29.8,76,88,0,False,False,False
2026-09-25 14:42:02,29.8,76,88,0,False,False,False
2026-09-25 14:42:04,29.8,77,88,0,False,False,False
2026-09-25 14:42:06,29.8,77,88,0,False,False,False
2026-09-25 14:42:08,29.8,77,88,0,False,False,False
2026-09-25 14:42:10,29.8,77,88,0,False,False,False
2026-09-25 14:42:12,29.8,77,88,0,False,False,False
2026-09-25 14:42:14,29.8,76,88,0,False,False,False
2026-09-25 14:42:16,29.8,76,88,0,False,False,False
2026-09-25 14:42:18,29.8,76,88,0,False,False,False
2026-09-25 14:42:20,29.8,77,88,0,False,False,False
2026-09-25 14:42:22,29.8,77,88,0,False,False,False
2026-09-25 14:42:24,29.8,76,89,0,False,False,False
2026-09-25 14:42:26,29.8,76,89,0,False,False,False
2026-09-25 14:42:28,29.8,76,88,0,False,False,False
2026-09-25 14:42:30,29.9,76,89,0,False,False,False
2026-09-25 14:42:32,30,75,88,0,False,False,True
2026-09-25 14:42:34,30,76,88,0,False,False,True
2026-09-25 14:42:36,30.2,76,89,0,False,False,True
2026-09-25 14:42:38,30.2,76,89,0,False,False,True
2026-09-25 14:42:40,30.2,76,89,0,False,False,True
2026-09-25 14:42:42,30.2,76,88,0,False,False,True
2026-09-25 14:42:44,30.2,76,88,0,False,False,True
2026-09-25 14:42:46,30.2,75,89,0,False,False,True
2026-09-25 14:42:48,30.2,75,88,0,False,False,True
2026-09-25 14:42:50,30.2,75,88,0,False,False,True
2026-09-25 14:42:52,30.2,75,88,0,False,False,True
2026-09-25 14:42:54,30.2,75,88,0,False,False,True
2026-09-25 14:43:00,ERR,ERR,ERR,ERR,False,False,False
2026-09-25 14:43:02,ERR,ERR,ERR,ERR,False,False,False
2026-09-25 14:43:04,ERR,ERR,ERR,ERR,False,False,False
2026-09-25 14:43:10,ERR,ERR,ERR,ERR,False,False,False
2026-09-25 14:43:12,30.2,75,89,0,False,False,True
2026-09-25 14:43:14,30.2,75,88,0,False,False,True
2026-09-25 14:43:16,30,75,88,0,False,False,True
2026-09-25 14:43:18,29.8,76,88,0,False,False,False
2026-09-25 14:43:20,29.8,76,88,0,False,False,False
2026-09-25 14:43:22,ERR,ERR,ERR,ERR,False,False,False
2026-09-25 14:43:22,29.8,76,88,0,False,False,False
2026-09-25 14:43:24,29.8,76,88,0,False,False,False
2026-09-25 14:43:26,29.8,76,88,0,False,False,False
2026-09-25 14:43:28,29.8,76,88,0,False,False,False
2026-09-25 14:43:30,29.8,76,88,0,False,False,False
2026-09-25 14:43:32,29.8,76,88,0,False,False,False
2026-09-25 14:43:34,29.8,76,88,0,False,False,False
2026-09-25 14:43:36,29.8,76,88,0,False,False,False
2026-09-25 14:43:38,29.8,76,88,0,False,False,False
2026-09-25 14:43:40,29.8,76,88,0,False,False,False
2026-09-25 14:43:42,29.8,76,88,0,False,False,False
2026-09-25 14:43:44,29.8,76,88,0,False,False,False
2026-09-25 14:43:46,29.8,76,88,0,False,False,False
2026-09-25 14:43:48,29.8,76,88,0,False,False,False
2026-09-25 14:43:50,29.8,76,88,0,False,False,False
2026-09-25 14:43:52,29.8,76,88,0,False,False,False
2026-09-25 14:43:54,29.8,76,87,0,False,False,False
2026-09-25 14:43:56,29.8,76,87,0,False,False,False
2026-09-25 14:43:58,29.8,76,88,0,False,False,False
2026-09-25 14:44:00,29.8,76,87,0,False,False,False
2026-09-25 14:44:02,29.8,76,87,0,False,False,False
2026-09-25 14:44:04,29.8,77,88,0,False,False,False
2026-09-25 14:44:06,29.8,77,87,0,False,False,False
2026-09-25 14:44:08,29.8,77,88,0,False,False,False
2026-09-25 14:44:10,29.8,77,88,0,False,False,False
2026-09-25 14:44:12,29.8,77,88,0,False,False,False
2026-09-25 14:44:14,29.8,77,88,0,False,False,False
2026-09-25 14:44:16,29.8,77,88,0,False,False,False
2026-09-25 14:44:18,29.8,77,88,0,False,False,False
2026-09-25 14:44:20,29.8,77,88,0,False,False,False
2026-09-25 14:44:22,29.8,77,89,0,False,False,False
2026-09-25 14:44:24,29.8,77,88,0,False,False,False
2026-09-25 14:44:26,29.8,77,88,0,False,False,False
2026-09-25 14:44:28,29.8,77,88,0,False,False,False
2026-09-25 14:44:30,29.8,77,88,0,False,False,False
2026-09-25 14:44:32,29.8,77,88,0,False,False,False
2026-09-25 14:44:34,29.8,77,88,0,False,False,False
2026-09-25 14:44:36,29.8,77,88,0,False,False,False
2026-09-25 14:44:38,29.8,77,87,0,False,False,False
2026-09-25 14:44:40,29.8,77,88,0,False,False,False
2026-09-25 14:44:42,29.8,77,88,0,False,False,False
2026-09-25 14:44:44,29.8,77,87,0,False,False,False
2026-09-25 14:44:46,29.8,77,87,0,False,False,False
2026-09-25 14:44:48,29.8,77,87,0,False,False,False
2026-09-25 14:44:50,29.8,77,87,0,False,False,False
2026-09-25 14:44:52,29.8,77,87,0,False,False,False
2026-09-25 14:44:54,29.8,77,87,0,False,False,False
2026-09-25 14:44:56,29.8,77,88,0,False,False,False
2026-09-25 14:44:58,29.8,77,88,0,False,False,False
2026-09-25 14:45:00,29.8,77,75,0,False,False,False
2026-09-25 14:45:02,29.8,77,53,0,False,False,False
2026-09-25 14:45:04,29.8,77,51,0,False,False,False
2026-09-25 14:45:06,29.8,77,52,0,False,False,False
2026-09-25 14:45:08,29.8,77,0,0,True,False,False
2026-09-25 14:45:10,29.8,77,3,0,True,False,False
2026-09-25 14:45:12,29.8,77,0,0,True,False,False
2026-09-25 14:45:14,29.8,77,0,0,True,False,False
2026-09-25 14:45:16,29.8,77,0,0,True,False,False
2026-09-25 14:45:18,29.8,77,0,0,True,False,False
2026-09-25 14:45:20,29.8,77,72,0,False,False,False
2026-09-25 14:45:22,29.8,77,70,0,False,False,False
2026-09-25 14:45:24,29.8,77,72,0,False,False,False
2026-09-25 14:45:26,29.8,77,71,0,False,False,False
2026-09-25 14:45:28,29.8,77,70,0,False,False,False
2026-09-25 14:45:30,29.8,77,71,0,False,False,False
2026-09-25 14:45:32,29.8,77,71,0,False,False,False
2026-09-25 14:45:34,29.8,77,72,0,False,False,False
2026-09-25 14:45:36,29.8,77,71,0,False,False,False
2026-09-25 14:45:38,29.8,77,71,0,False,False,False
2026-09-25 14:45:40,29.8,77,71,0,False,False,False
2026-09-25 14:45:42,29.8,77,71,0,False,False,False
2026-09-25 14:45:44,29.8,77,71,0,False,False,False
2026-09-25 14:45:46,29.8,77,71,0,False,False,False
2026-09-25 14:45:48,29.8,77,71,0,False,False,False
2026-09-25 14:45:50,29.8,76,72,0,False,False,False
2026-09-25 14:45:52,29.8,76,72,0,False,False,False
2026-09-25 14:45:54,29.8,76,72,0,False,False,False
2026-09-25 14:45:56,29.8,76,72,0,False,False,False
2026-09-25 14:45:58,29.8,76,72,0,False,False,False
2026-09-25 14:46:00,29.8,76,72,0,False,False,False
2026-09-25 14:46:02,29.8,77,72,0,False,False,False
2026-09-25 14:46:04,29.8,76,72,0,False,False,False
2026-09-25 14:46:06,29.8,76,72,0,False,False,False
2026-09-25 14:46:08,29.8,76,72,0,False,False,False
2026-09-25 14:46:10,29.8,77,72,0,False,False,False
2026-09-25 14:46:12,29.8,77,72,0,False,False,False
2026-09-25 14:46:14,29.8,77,72,0,False,False,False
2026-09-25 14:46:16,29.8,77,72,0,False,False,False
2026-09-25 14:46:18,29.8,77,72,0,False,False,False
2026-09-25 14:46:20,29.8,77,72,0,False,False,False
2026-09-25 14:46:22,29.8,77,72,0,False,False,False
2026-09-25 14:46:24,29.8,77,73,0,False,False,False
2026-09-25 14:46:26,29.8,77,72,0,False,False,False
2026-09-25 14:46:28,29.8,77,72,0,False,False,False
2026-09-25 14:46:30,29.8,77,72,0,False,False,False
2026-09-25 14:46:32,29.7,78,72,0,False,False,False
2026-09-25 14:46:34,29.6,78,73,0,False,False,False
2026-09-25 14:46:36,29.6,78,74,0,False,False,False
2026-09-25 14:46:38,29.5,78,73,0,False,False,False
2026-09-25 14:46:40,29.4,78,73,0,False,False,False
2026-09-25 14:46:42,29.4,79,73,0,False,False,False
2026-09-25 14:46:44,29.4,79,73,0,False,False,False
2026-09-25 14:46:46,29.4,79,73,0,False,False,False
2026-09-25 14:46:48,29.4,79,73,0,False,False,False
2026-09-25 14:46:50,29.4,79,73,0,False,False,False
2026-09-25 14:46:52,29.4,79,73,0,False,False,False
2026-09-25 14:46:54,29.4,79,73,0,False,False,False
2026-09-25 14:46:56,29.4,79,73,0,False,False,False
2026-09-25 14:46:58,29.4,79,73,0,False,False,False
2026-09-25 14:47:00,29.6,80,73,0,False,False,False
2026-09-25 14:47:02,29.6,80,73,0,False,False,False
2026-09-25 14:47:04,29.6,80,73,0,False,False,False
2026-09-25 14:47:06,29.7,80,74,0,False,False,False
2026-09-25 14:47:08,29.7,80,74,0,False,False,False
2026-09-25 14:47:10,29.8,79,73,0,False,False,False
2026-09-25 14:47:12,29.8,79,73,0,False,False,False
2026-09-25 14:47:14,29.8,79,73,0,False,False,False
2026-09-25 14:47:16,29.8,79,73,0,False,False,False
2026-09-25 14:47:18,29.8,79,73,0,False,False,False
2026-09-25 14:47:20,29.8,79,73,0,False,False,False
2026-09-25 14:47:22,29.8,79,73,0,False,False,False
2026-09-25 14:47:24,29.8,79,73,0,False,False,False
2026-09-25 14:47:26,29.8,79,73,0,False,False,False
2026-09-25 14:47:28,29.8,79,73,0,False,False,False
2026-09-25 14:47:30,29.8,79,74,0,False,False,False
2026-09-25 14:47:32,29.8,79,73,0,False,False,False
2026-09-25 14:47:34,29.8,79,73,0,False,False,False
2026-09-25 14:47:36,29.8,79,73,0,False,False,False
2026-09-25 14:47:38,29.8,79,73,0,False,False,False
2026-09-25 14:47:40,29.8,79,73,0,False,False,False
2026-09-25 14:47:42,29.8,78,75,0,False,False,False
2026-09-25 14:47:44,29.8,78,75,0,False,False,False
2026-09-25 14:47:46,29.8,78,75,0,False,False,False
2026-09-25 14:47:48,29.8,78,75,0,False,False,False
2026-09-25 14:47:50,29.8,77,73,0,False,False,False
2026-09-25 14:47:52,29.7,77,73,0,False,False,False
2026-09-25 14:47:54,29.7,78,73,0,False,False,False
2026-09-25 14:47:56,29.7,78,73,0,False,False,False
2026-09-25 14:47:58,29.7,78,73,0,False,False,False
2026-09-25 14:48:28,29.3,78,74,0,False,False,False
2026-09-25 14:48:30,29.3,78,73,0,False,False,False
2026-09-25 14:48:32,29.3,78,73,0,False,False,False
2026-09-25 14:48:34,29.3,78,73,0,False,False,False
2026-09-25 14:48:36,29.3,78,73,0,False,False,False
2026-09-25 14:48:38,29.3,78,73,0,False,False,False
2026-09-25 14:48:40,29.3,79,73,0,False,False,False
2026-09-25 14:48:42,29.3,78,73,0,False,False,False
2026-09-25 14:48:44,29.3,79,73,0,False,False,False
2026-09-25 14:48:56,29.3,79,73,0,False,False,False
2026-09-25 14:48:58,29.3,79,73,0,False,False,False
2026-09-25 14:49:00,29.3,78,73,0,False,False,False
2026-09-25 14:49:02,29.3,79,73,0,False,False,False
2026-09-25 14:49:04,29.3,79,74,0,False,False,False
2026-09-25 14:49:06,29.3,79,72,0,False,False,False
2026-09-25 14:49:08,29.3,79,75,0,False,False,False
2026-09-25 14:49:10,29.3,79,73,0,False,False,False
2026-09-25 14:49:12,29.3,79,74,0,False,False,False
2026-09-25 14:49:14,29.3,79,74,0,False,False,False
2026-09-25 14:49:16,29.3,79,74,0,False,False,False
2026-09-25 14:49:18,29.3,79,74,0,False,False,False
2026-09-25 14:49:20,29.3,79,73,0,False,False,False
2026-09-25 14:49:22,29.3,79,73,0,False,False,False
2026-09-25 14:49:24,29.3,79,73,0,False,False,False
2026-09-25 14:49:26,29.3,79,73,0,False,False,False
2026-09-25 14:49:28,29.3,79,74,0,False,False,False
2026-09-25 14:49:30,29.3,79,73,0,False,False,False
2026-09-25 14:49:32,29.3,79,73,0,False,False,False
2026-09-25 14:49:34,29.3,80,75,0,False,False,False
2026-09-25 14:49:36,29.3,80,74,0,False,False,False
2026-09-25 14:49:38,29.3,80,74,0,False,False,False
2026-09-25 14:49:40,29.3,80,73,0,False,False,False
2026-09-25 14:49:42,29.3,80,74,0,False,False,False
2026-09-25 14:49:44,29.3,80,73,0,False,False,False
2026-09-25 14:49:46,29.3,80,73,0,False,False,False
2026-09-25 14:49:48,29.3,80,73,0,False,False,False
2026-09-25 14:49:50,29.3,80,73,0,False,False,False
2026-09-25 14:49:52,29.3,80,73,0,False,False,False
2026-09-25 14:49:54,29.3,80,73,0,False,False,False
2026-09-25 14:49:56,29.3,80,73,0,False,False,False
2026-09-25 14:49:58,29.3,80,73,0,False,False,False
2026-09-25 14:50:00,29.3,80,74,0,False,False,False
2026-09-25 14:50:02,29.3,80,76,0,False,False,False
2026-09-25 14:50:04,29.3,80,74,0,False,False,False
2026-09-25 14:50:06,29.3,80,73,0,False,False,False
2026-09-25 14:50:08,29.3,80,74,0,False,False,False
2026-09-25 14:50:10,29.3,80,73,0,False,False,False
2026-09-25 14:50:12,29.4,80,75,0,False,False,False
2026-09-25 14:50:14,29.4,80,75,0,False,False,False
2026-09-25 14:50:16,29.6,80,74,0,False,False,False
2026-09-25 14:50:18,29.5,79,75,0,False,False,False
2026-09-25 14:50:20,29.5,79,74,0,False,False,False
2026-09-25 14:50:22,29.4,79,74,0,False,False,False
2026-09-25 14:50:24,29.4,79,74,0,False,False,False
2026-09-25 14:50:26,29.5,79,74,0,False,False,False
2026-09-25 14:50:28,29.5,79,73,0,False,False,False
2026-09-25 14:50:30,29.4,79,73,0,False,False,False
2026-09-25 14:50:32,29.4,79,74,0,False,False,False
2026-09-25 14:50:34,29.4,79,74,0,False,False,False
2026-09-25 14:50:36,29.4,79,74,0,False,False,False
2026-09-25 14:50:38,29.4,79,75,0,False,False,False
2026-09-25 14:50:40,29.3,79,73,0,False,False,False
2026-09-25 14:50:42,29.4,79,74,0,False,False,False
2026-09-25 14:50:44,29.4,79,74,0,False,False,False
2026-09-25 14:50:46,29.4,79,74,0,False,False,False
2026-09-25 14:50:48,29.4,79,74,0,False,False,False
2026-09-25 14:50:50,29.4,79,74,0,False,False,False
2026-09-25 14:50:52,29.3,79,74,0,False,False,False
2026-09-25 14:50:54,29.3,79,74,0,False,False,False
2026-09-25 14:50:56,29.3,79,75,0,False,False,False
2026-09-25 14:50:58,29.3,79,74,0,False,False,False
2026-09-25 14:51:00,29.3,79,73,0,False,False,False
2026-09-25 14:51:02,29.3,79,74,0,False,False,False
2026-09-25 14:51:04,29.3,79,74,0,False,False,False
2026-09-25 14:51:06,29.3,79,74,0,False,False,False
2026-09-25 14:51:08,29.3,79,75,0,False,False,False
2026-09-25 14:51:10,29.3,79,74,0,False,False,False
2026-09-25 14:51:12,29.3,79,74,0,False,False,False
2026-09-25 14:51:14,29.3,79,74,0,False,False,False
2026-09-25 14:51:16,29.3,79,74,0,False,False,False
2026-09-25 14:51:18,29.3,79,76,0,False,False,False
2026-09-25 14:51:20,29.3,79,74,0,False,False,False
2026-09-25 14:51:22,29.3,79,74,0,False,False,False
2026-09-25 14:51:24,29.3,79,75,0,False,False,False
2026-09-25 14:51:26,29.3,79,74,0,False,False,False
2026-09-25 14:51:28,29.3,80,74,0,False,False,False
2026-09-25 14:51:30,29.3,79,74,0,False,False,False
2026-09-25 14:51:32,29.3,79,74,0,False,False,False
2026-09-25 14:51:34,29.3,79,74,0,False,False,False
2026-09-25 14:51:36,29.3,79,74,0,False,False,False
2026-09-25 14:51:38,29.3,79,74,0,False,False,False
2026-09-25 14:51:40,29.3,80,74,0,False,False,False
2026-09-25 14:51:42,29.3,79,74,0,False,False,False
2026-09-25 14:51:44,29.3,79,74,0,False,False,False
2026-09-25 14:51:46,29.3,79,74,0,False,False,False
2026-09-25 14:51:48,29.3,80,74,0,False,False,False
2026-09-25 14:51:50,29.3,80,74,0,False,False,False
2026-09-25 14:51:52,29.3,80,74,0,False,False,False
2026-09-25 14:51:54,29.3,79,74,0,False,False,False
2026-09-25 14:51:56,29.3,80,77,0,False,False,False
2026-09-25 14:51:58,29.3,79,74,0,False,False,False
2026-09-25 14:52:00,29.3,80,74,0,False,False,False
2026-09-25 14:52:02,29.3,80,74,0,False,False,False
2026-09-25 14:52:04,29.3,80,74,0,False,False,False
2026-09-25 14:52:06,29.3,80,75,0,False,False,False
2026-09-25 14:52:08,29.3,80,73,0,False,False,False
2026-09-25 14:52:10,29.4,79,73,0,False,False,False
2026-09-25 14:52:12,29.5,80,73,0,False,False,False
2026-09-25 14:52:14,29.7,80,74,0,False,False,False
2026-09-25 14:52:16,29.7,80,73,0,False,False,False
2026-09-25 14:52:18,29.8,80,74,0,False,False,False
2026-09-25 14:52:20,29.8,80,74,0,False,False,False
2026-09-25 14:52:22,29.8,80,74,0,False,False,False
2026-09-25 14:52:24,29.8,80,74,0,False,False,False
2026-09-25 14:52:26,29.8,80,74,0,False,False,False
2026-09-25 14:52:28,29.8,80,74,0,False,False,False
2026-09-25 14:52:30,29.8,80,74,0,False,False,False
2026-09-25 14:52:32,29.8,80,74,0,False,False,False
2026-09-25 14:52:34,29.8,80,75,0,False,False,False
2026-09-25 14:52:36,29.8,80,74,0,False,False,False
2026-09-25 14:52:38,29.8,80,74,0,False,False,False
2026-09-25 14:52:40,29.8,80,74,0,False,False,False
2026-09-25 14:52:42,29.8,80,74,0,False,False,False
2026-09-25 14:52:44,29.8,80,74,0,False,False,False
2026-09-25 14:52:46,29.8,80,74,0,False,False,False
2026-09-25 14:52:48,29.8,80,73,0,False,False,False
2026-09-25 14:52:50,29.8,80,74,0,False,False,False
2026-09-25 14:52:52,29.8,80,74,0,False,False,False
2026-09-25 14:52:54,29.8,80,75,0,False,False,False
2026-09-25 14:52:56,29.8,80,74,0,False,False,False
2026-09-25 14:52:58,29.8,80,73,0,False,False,False
2026-09-25 14:53:00,29.8,80,73,0,False,False,False
2026-09-25 14:53:02,29.8,80,73,0,False,False,False
2026-09-25 14:53:04,29.8,80,74,0,False,False,False
2026-09-25 14:53:06,29.8,80,74,0,False,False,False
2026-09-25 14:53:08,29.8,79,75,0,False,False,False
2026-09-25 14:53:10,29.8,79,74,0,False,False,False
2026-09-25 14:53:12,29.8,79,74,0,False,False,False
2026-09-25 14:53:14,29.8,79,74,0,False,False,False
2026-09-25 14:53:16,29.8,79,75,0,False,False,False
2026-09-25 14:53:18,29.8,79,74,0,False,False,False
2026-09-25 14:53:20,29.8,79,74,0,False,False,False
2026-09-25 14:53:22,29.8,79,74,0,False,False,False
2026-09-25 14:53:24,29.8,79,74,0,False,False,False
2026-09-25 14:53:26,29.8,79,74,0,False,False,False
2026-09-25 14:53:28,29.8,79,74,0,False,False,False
2026-09-25 14:53:30,29.8,79,74,0,False,False,False
2026-09-25 14:53:32,29.8,79,75,0,False,False,False
2026-09-25 14:53:34,29.8,79,74,0,False,False,False
2026-09-25 14:53:36,29.8,79,74,0,False,False,False
2026-09-25 14:53:38,29.8,79,74,0,False,False,False
2026-09-25 14:53:40,29.8,79,73,0,False,False,False
2026-09-25 14:53:42,29.8,79,73,0,False,False,False
2026-09-25 14:53:44,29.8,79,74,0,False,False,False
2026-09-25 14:53:46,29.8,79,74,0,False,False,False
2026-09-25 14:53:48,29.8,79,74,0,False,False,False
2026-09-25 14:53:50,29.8,79,75,0,False,False,False
2026-09-25 14:53:52,29.8,79,73,0,False,False,False
2026-09-25 14:53:54,29.8,79,73,0,False,False,False
2026-09-25 14:53:56,29.8,79,74,0,False,False,False
2026-09-25 14:53:58,29.8,79,74,0,False,False,False
2026-09-25 14:54:00,29.8,79,74,0,False,False,False
2026-09-25 14:54:02,29.8,79,74,0,False,False,False
2026-09-25 14:54:04,29.8,79,75,0,False,False,False
2026-09-25 14:54:06,29.8,79,74,0,False,False,False
2026-09-25 14:54:08,29.8,79,74,0,False,False,False
2026-09-25 14:54:10,29.8,79,73,0,False,False,False
2026-09-25 14:54:12,29.8,79,74,0,False,False,False
2026-09-25 14:54:14,29.8,79,74,0,False,False,False
2026-09-25 14:54:16,29.8,79,74,0,False,False,False
2026-09-25 14:54:18,29.8,78,73,0,False,False,False
2026-09-25 14:54:20,29.8,78,73,0,False,False,False
2026-09-25 14:54:22,29.8,78,74,0,False,False,False
2026-09-25 14:54:24,29.8,78,74,0,False,False,False
2026-09-25 14:54:26,29.8,78,73,0,False,False,False
2026-09-25 14:54:28,29.8,77,74,0,False,False,False
2026-09-25 14:54:30,29.8,78,76,0,False,False,False
2026-09-25 14:54:32,29.8,78,73,0,False,False,False
2026-09-25 14:54:34,29.8,78,73,0,False,False,False
2026-09-25 14:54:36,29.8,79,75,0,False,False,False
2026-09-25 14:54:38,29.8,79,73,0,False,False,False
2026-09-25 14:54:40,29.8,79,73,0,False,False,False
2026-09-25 14:54:42,29.8,79,73,0,False,False,False
2026-09-25 14:54:44,29.8,79,74,0,False,False,False
2026-09-25 14:54:46,29.8,79,74,0,False,False,False
2026-09-25 14:54:48,29.8,79,74,0,False,False,False
2026-09-25 14:54:50,29.8,79,74,0,False,False,False
2026-09-25 14:54:52,29.8,79,74,0,False,False,False
2026-09-25 14:54:54,29.8,79,74,0,False,False,False
2026-09-25 14:54:56,29.8,78,73,0,False,False,False
2026-09-25 14:54:58,29.8,79,75,0,False,False,False
2026-09-25 14:55:00,29.8,79,75,0,False,False,False
2026-09-25 14:55:02,29.8,79,74,0,False,False,False
2026-09-25 14:55:04,29.8,79,74,0,False,False,False
2026-09-25 14:55:06,29.8,79,74,0,False,False,False
2026-09-25 14:55:08,29.8,79,73,0,False,False,False
2026-09-25 14:55:10,29.8,79,76,0,False,False,False
2026-09-25 14:55:12,29.8,79,74,0,False,False,False
2026-09-25 14:55:14,29.8,79,74,0,False,False,False
2026-09-25 14:55:16,29.8,79,74,0,False,False,False
2026-09-25 14:55:18,29.8,79,74,0,False,False,False
2026-09-25 14:55:20,29.8,80,74,0,False,False,False
2026-09-25 14:55:22,29.8,80,74,0,False,False,False
2026-09-25 14:55:24,29.8,79,74,0,False,False,False
2026-09-25 14:55:26,29.8,80,74,0,False,False,False
2026-09-25 14:55:28,29.8,79,74,0,False,False,False
2026-09-25 14:55:30,29.8,80,74,0,False,False,False
2026-09-25 14:55:32,29.8,80,73,0,False,False,False
2026-09-25 14:55:34,29.8,80,74,0,False,False,False
2026-09-25 14:55:36,29.8,80,74,0,False,False,False
2026-09-25 14:55:38,29.8,80,74,0,False,False,False
2026-09-25 14:55:40,29.8,80,74,0,False,False,False
2026-09-25 14:55:42,29.8,80,74,0,False,False,False
2026-09-25 14:55:44,29.8,80,74,0,False,False,False
2026-09-25 14:55:46,29.8,80,74,0,False,False,False
2026-09-25 14:55:48,29.8,80,73,0,False,False,False
2026-09-25 14:55:50,29.8,80,73,0,False,False,False
2026-09-25 14:55:52,29.8,80,73,0,False,False,False
2026-09-25 14:55:54,29.8,80,74,0,False,False,False
2026-09-25 14:55:56,29.8,79,73,0,False,False,False
2026-09-25 14:55:58,29.8,79,74,0,False,False,False
2026-09-25 14:56:00,29.8,79,74,0,False,False,False
2026-09-25 14:56:02,29.8,79,74,0,False,False,False
2026-09-25 14:56:04,29.8,80,75,0,False,False,False
2026-09-25 14:56:06,29.8,80,75,0,False,False,False
2026-09-25 14:56:08,29.8,79,73,0,False,False,False
2026-09-25 14:56:10,29.8,80,74,0,False,False,False
2026-09-25 14:56:12,29.8,80,73,0,False,False,False
2026-09-25 14:56:14,29.8,79,74,0,False,False,False
2026-09-25 14:56:17,29.8,79,74,0,False,False,False
2026-09-25 14:56:19,29.8,79,73,0,False,False,False
2026-09-25 14:56:21,29.8,79,73,0,False,False,False
2026-09-25 14:56:23,29.8,79,74,0,False,False,False
2026-09-25 14:56:25,29.8,79,74,0,False,False,False
2026-09-25 14:56:27,29.8,79,74,0,False,False,False
2026-09-25 14:56:29,29.8,79,74,0,False,False,False
2026-09-25 14:56:31,29.8,79,73,0,False,False,False
2026-09-25 14:56:33,29.8,80,73,0,False,False,False
2026-09-25 14:56:35,29.8,80,73,0,False,False,False
2026-09-25 14:56:37,29.8,80,74,0,False,False,False
2026-09-25 14:56:39,29.8,80,73,0,False,False,False
2026-09-25 14:56:41,29.8,80,75,0,False,False,False
2026-09-25 14:56:43,29.8,80,74,0,False,False,False
2026-09-25 14:56:45,29.8,80,74,0,False,False,False
2026-09-25 14:56:47,29.8,80,75,0,False,False,False
2026-09-25 14:56:49,29.8,80,74,0,False,False,False
2026-09-25 14:56:51,29.8,80,74,0,False,False,False
2026-09-25 14:56:53,29.8,79,74,0,False,False,False
2026-09-25 14:56:55,29.8,79,74,0,False,False,False
2026-09-25 14:56:57,29.8,79,75,0,False,False,False
2026-09-25 14:56:59,29.8,79,73,0,False,False,False
2026-09-25 14:57:01,29.8,80,74,0,False,False,False
2026-09-25 14:57:03,29.8,80,74,0,False,False,False
2026-09-25 14:57:05,29.8,80,73,0,False,False,False
2026-09-25 14:57:07,29.8,80,73,0,False,False,False
2026-09-25 14:57:09,29.8,80,74,0,False,False,False
2026-09-25 14:57:11,29.8,80,74,0,False,False,False
2026-09-25 14:57:13,29.8,80,74,0,False,False,False
2026-09-25 14:57:15,29.8,80,74,0,False,False,False
2026-09-25 14:57:17,29.8,80,73,0,False,False,False
2026-09-25 14:57:19,29.8,80,73,0,False,False,False
2026-09-25 14:57:21,29.8,80,74,0,False,False,False
2026-09-25 14:57:23,29.8,80,74,0,False,False,False
2026-09-25 14:57:25,29.8,80,74,0,False,False,False
2026-09-25 14:57:27,29.8,80,73,0,False,False,False
2026-09-25 14:57:29,29.8,80,73,0,False,False,False
2026-09-25 14:57:31,29.8,80,74,0,False,False,False
2026-09-25 14:57:33,29.8,79,74,0,False,False,False
2026-09-25 14:57:35,29.8,79,73,0,False,False,False
2026-09-25 14:57:37,29.8,79,74,0,False,False,False
2026-09-25 14:57:39,29.8,79,74,0,False,False,False
2026-09-25 14:57:41,29.8,79,74,0,False,False,False
2026-09-25 14:57:43,29.8,79,73,0,False,False,False
2026-09-25 14:57:45,29.8,79,73,0,False,False,False
2026-09-25 14:57:47,29.8,79,74,0,False,False,False
2026-09-25 14:57:49,29.8,79,74,0,False,False,False
2026-09-25 14:57:51,29.8,78,74,0,False,False,False
2026-09-25 14:57:53,29.8,78,75,0,False,False,False
2026-09-25 14:57:55,29.8,78,75,0,False,False,False
2026-09-25 14:57:57,29.8,77,76,0,False,False,False
2026-09-25 14:57:59,29.8,78,73,0,False,False,False
2026-09-25 14:58:01,29.8,78,74,0,False,False,False
2026-09-25 14:58:03,29.8,78,76,0,False,False,False
2026-09-25 14:58:05,29.8,78,73,0,False,False,False
2026-09-25 14:58:07,29.8,78,73,0,False,False,False
2026-09-25 14:58:09,29.8,78,74,0,False,False,False
2026-09-25 14:58:11,29.8,78,73,0,False,False,False
2026-09-25 14:58:13,29.8,78,73,0,False,False,False
2026-09-25 14:58:15,29.8,78,74,0,False,False,False
2026-09-25 14:58:17,29.8,78,73,0,False,False,False
2026-09-25 14:58:19,29.8,78,75,0,False,False,False
2026-09-25 14:58:21,29.8,78,74,0,False,False,False
2026-09-25 14:58:23,29.8,78,74,0,False,False,False
2026-09-25 14:58:25,29.8,78,74,0,False,False,False
2026-09-25 14:58:27,29.8,78,74,0,False,False,False
2026-09-25 14:58:29,29.8,78,74,0,False,False,False
2026-09-25 14:58:31,29.8,78,73,0,False,False,False
2026-09-25 14:58:33,29.8,78,73,0,False,False,False
2026-09-25 14:58:35,29.8,78,73,0,False,False,False
2026-09-25 14:58:37,29.8,78,73,0,False,False,False
2026-09-25 14:58:39,29.8,78,73,0,False,False,False
2026-09-25 14:58:41,29.8,78,75,0,False,False,False
2026-09-25 14:58:43,29.8,78,75,0,False,False,False
2026-09-25 14:58:45,29.8,78,73,0,False,False,False
2026-09-25 14:58:47,29.8,78,73,0,False,False,False
2026-09-25 14:58:49,29.8,78,73,0,False,False,False
2026-09-25 14:58:51,29.8,78,74,0,False,False,False
2026-09-25 14:58:53,29.8,78,74,0,False,False,False
2026-09-25 14:58:55,29.8,78,74,0,False,False,False
2026-09-25 14:58:57,29.8,78,74,0,False,False,False
2026-09-25 14:58:59,29.8,79,73,0,False,False,False
2026-09-25 14:59:01,29.8,79,73,0,False,False,False
2026-09-25 14:59:03,29.8,78,73,0,False,False,False
2026-09-25 14:59:05,29.8,79,73,0,False,False,False
2026-09-25 14:59:07,29.8,78,74,0,False,False,False
2026-09-25 14:59:09,29.8,78,74,0,False,False,False
2026-09-25 14:59:11,29.8,78,73,0,False,False,False
2026-09-25 14:59:13,29.8,79,74,0,False,False,False
2026-09-25 14:59:15,29.8,79,74,0,False,False,False
2026-09-25 14:59:17,29.8,79,74,0,False,False,False
2026-09-25 14:59:19,29.8,79,74,0,False,False,False
2026-09-25 14:59:21,29.8,79,74,0,False,False,False
2026-09-25 14:59:23,29.8,79,73,0,False,False,False
2026-09-25 14:59:25,29.8,79,73,0,False,False,False
2026-09-25 14:59:27,29.8,79,74,0,False,False,False
2026-09-25 14:59:29,29.8,79,74,0,False,False,False
2026-09-25 14:59:31,29.8,78,73,0,False,False,False
2026-09-25 14:59:33,29.8,79,74,0,False,False,False
2026-09-25 14:59:35,29.8,78,74,0,False,False,False
2026-09-25 14:59:37,29.8,78,75,0,False,False,False
2026-09-25 14:59:39,29.8,79,75,0,False,False,False
2026-09-25 14:59:41,29.8,79,74,0,False,False,False
2026-09-25 14:59:43,29.8,79,75,0,False,False,False
2026-09-25 14:59:45,29.8,79,74,0,False,False,False
2026-09-25 14:59:47,29.8,79,74,0,False,False,False
2026-09-25 14:59:49,29.8,79,73,0,False,False,False
2026-09-25 14:59:51,29.8,78,74,0,False,False,False
2026-09-25 14:59:53,29.8,78,74,0,False,False,False
2026-09-25 14:59:55,29.8,78,74,0,False,False,False
2026-09-25 14:59:57,29.8,78,74,0,False,False,False
2026-09-25 14:59:59,29.8,78,74,0,False,False,False
2026-09-25 15:00:01,29.8,79,74,0,False,False,False
2026-09-25 15:00:03,29.8,79,74,0,False,False,False
2026-09-25 15:00:05,29.8,79,74,0,False,False,False
2026-09-25 15:00:07,29.8,79,75,0,False,False,False
2026-09-25 15:00:09,29.8,78,74,0,False,False,False
2026-09-25 15:00:11,29.8,78,73,0,False,False,False
2026-09-25 15:00:13,29.8,78,73,0,False,False,False
2026-09-25 15:00:15,29.8,78,73,0,False,False,False
2026-09-25 15:00:17,29.8,77,73,0,False,False,False
2026-09-25 15:00:19,29.8,77,75,0,False,False,False
2026-09-25 15:00:21,29.8,77,73,0,False,False,False
2026-09-25 15:00:23,29.8,77,73,0,False,False,False
2026-09-25 15:00:25,29.8,77,73,0,False,False,False
2026-09-25 15:00:27,29.8,77,73,0,False,False,False
2026-09-25 15:00:29,29.8,77,74,0,False,False,False
2026-09-25 15:00:31,29.8,78,74,0,False,False,False
2026-09-25 15:00:33,29.8,78,74,0,False,False,False
2026-09-25 15:00:35,29.8,78,74,0,False,False,False
2026-09-25 15:00:37,29.8,78,74,0,False,False,False
2026-09-25 15:00:39,29.8,78,73,0,False,False,False
2026-09-25 15:00:41,29.8,78,73,0,False,False,False
2026-09-25 15:00:43,29.8,78,73,0,False,False,False
2026-09-25 15:00:45,29.8,78,73,0,False,False,False
2026-09-25 15:00:47,29.8,78,73,0,False,False,False
2026-09-25 15:00:49,29.8,78,73,0,False,False,False
2026-09-25 15:00:51,29.8,78,73,0,False,False,False
2026-09-25 15:00:53,29.8,78,73,0,False,False,False
2026-09-25 15:00:55,29.8,78,74,0,False,False,False
2026-09-25 15:00:57,29.8,78,74,0,False,False,False
2026-09-25 15:00:59,29.8,78,74,0,False,False,False
2026-09-25 15:01:01,29.8,78,74,0,False,False,False
2026-09-25 15:01:03,29.8,78,74,0,False,False,False
2026-09-25 15:01:05,29.8,78,73,0,False,False,False
2026-09-25 15:01:07,29.8,78,74,0,False,False,False
2026-09-25 15:01:09,29.8,79,74,0,False,False,False
2026-09-25 15:01:11,29.8,79,73,0,False,False,False
2026-09-25 15:01:13,29.8,79,74,0,False,False,False
2026-09-25 15:01:15,29.8,79,73,0,False,False,False
2026-09-25 15:01:17,29.8,79,74,0,False,False,False
2026-09-25 15:01:19,29.8,79,74,0,False,False,False
2026-09-25 15:01:21,29.8,79,74,0,False,False,False
2026-09-25 15:01:23,29.8,78,73,0,False,False,False
2026-09-25 15:01:25,29.8,78,73,0,False,False,False
2026-09-25 15:01:27,29.8,78,73,0,False,False,False
2026-09-25 15:01:29,29.8,78,74,0,False,False,False
2026-09-25 15:01:31,29.8,78,74,0,False,False,False
2026-09-25 15:01:33,29.8,78,74,0,False,False,False
2026-09-25 15:01:35,29.8,78,76,0,False,False,False
2026-09-25 15:01:37,29.8,78,73,0,False,False,False
2026-09-25 15:01:39,29.8,78,74,0,False,False,False
2026-09-25 15:01:41,29.8,78,73,0,False,False,False
2026-09-25 15:01:43,29.8,78,70,0,False,False,False
2026-09-25 15:01:45,29.8,78,74,0,False,False,False
2026-09-25 15:01:47,29.8,78,73,0,False,False,False
2026-09-25 15:01:49,29.8,78,73,0,False,False,False
2026-09-25 15:01:51,29.8,78,75,0,False,False,False
2026-09-25 15:01:53,29.8,78,74,0,False,False,False
2026-09-25 15:01:55,29.8,78,73,0,False,False,False
2026-09-25 15:01:57,29.8,78,73,0,False,False,False
2026-09-25 15:01:59,29.8,78,75,0,False,False,False
2026-09-25 15:02:01,29.8,78,73,0,False,False,False
2026-09-25 15:02:03,29.8,78,74,0,False,False,False
2026-09-25 15:02:05,29.8,78,74,0,False,False,False
2026-09-25 15:02:07,29.8,78,74,0,False,False,False
2026-09-25 15:02:09,29.8,78,74,0,False,False,False
2026-09-25 15:02:11,29.8,78,73,0,False,False,False
2026-09-25 15:02:13,29.8,78,74,0,False,False,False
2026-09-25 15:02:15,29.8,78,73,0,False,False,False
2026-09-25 15:02:17,29.8,78,73,0,False,False,False
2026-09-25 15:02:19,29.8,78,75,0,False,False,False
2026-09-25 15:02:21,29.8,78,73,0,False,False,False
2026-09-25 15:02:23,29.8,78,73,0,False,False,False
2026-09-25 15:02:25,29.8,78,74,0,False,False,False
2026-09-25 15:02:27,29.8,78,73,0,False,False,False
2026-09-25 15:02:29,29.8,77,74,0,False,False,False
2026-09-25 15:02:31,29.8,77,74,0,False,False,False
2026-09-25 15:02:33,29.8,77,74,0,False,False,False
2026-09-25 15:02:35,29.8,77,73,0,False,False,False
2026-09-25 15:02:37,29.8,77,73,0,False,False,False
2026-09-25 15:02:39,29.8,77,73,0,False,False,False
2026-09-25 15:02:41,29.8,77,74,0,False,False,False
2026-09-25 15:02:43,29.8,78,73,0,False,False,False
2026-09-25 15:02:45,29.8,77,73,0,False,False,False
2026-09-25 15:02:47,29.8,78,73,0,False,False,False
2026-09-25 15:02:49,29.8,78,73,0,False,False,False
2026-09-25 15:02:51,29.8,78,73,0,False,False,False
2026-09-25 15:02:53,29.8,78,73,0,False,False,False
2026-09-25 15:02:55,29.8,78,74,0,False,False,False
2026-09-25 15:02:57,29.8,78,74,0,False,False,False
2026-09-25 15:02:59,29.8,78,74,0,False,False,False
2026-09-25 15:03:01,29.8,78,74,0,False,False,False
2026-09-25 15:03:03,29.8,78,73,0,False,False,False
2026-09-25 15:03:05,29.8,78,73,0,False,False,False
2026-09-25 15:03:07,29.8,78,73,0,False,False,False
2026-09-25 15:03:09,29.8,78,73,0,False,False,False
2026-09-25 15:03:11,29.8,78,73,0,False,False,False
2026-09-25 15:03:13,29.8,78,74,0,False,False,False
2026-09-25 15:03:15,29.8,78,73,0,False,False,False
2026-09-25 15:03:17,29.8,78,73,0,False,False,False
2026-09-25 15:03:19,29.8,78,73,0,False,False,False
2026-09-25 15:03:21,29.8,78,74,0,False,False,False
2026-09-25 15:03:23,29.8,78,74,0,False,False,False
2026-09-25 15:03:25,29.8,78,73,0,False,False,False
2026-09-25 15:03:27,29.8,79,73,0,False,False,False
2026-09-25 15:03:29,29.8,79,73,0,False,False,False
2026-09-25 15:03:31,29.8,79,73,0,False,False,False
2026-09-25 15:03:33,29.8,78,73,0,False,False,False
2026-09-25 15:03:35,29.8,78,73,0,False,False,False
2026-09-25 15:03:37,29.8,78,74,0,False,False,False
2026-09-25 15:03:39,29.8,78,73,0,False,False,False
2026-09-25 15:03:41,29.8,78,73,0,False,False,False
2026-09-25 15:03:43,29.8,78,74,0,False,False,False
2026-09-25 15:03:45,29.8,78,74,0,False,False,False
2026-09-25 15:03:47,29.8,78,74,0,False,False,False
2026-09-25 15:03:49,29.8,78,74,0,False,False,False
2026-09-25 15:03:51,29.8,78,74,0,False,False,False
2026-09-25 15:03:53,29.8,78,73,0,False,False,False
2026-09-25 15:03:55,29.8,78,73,0,False,False,False
2026-09-25 15:03:57,29.8,78,73,0,False,False,False
2026-09-25 15:03:59,29.8,78,73,0,False,False,False
2026-09-25 15:04:01,29.8,78,73,0,False,False,False
2026-09-25 15:04:03,29.8,78,74,0,False,False,False
2026-09-25 15:04:05,29.8,78,73,0,False,False,False
2026-09-25 15:04:07,29.8,78,74,0,False,False,False
2026-09-25 15:04:09,29.8,78,75,0,False,False,False
2026-09-25 15:04:11,29.8,78,74,0,False,False,False
2026-09-25 15:04:13,29.8,78,75,0,False,False,False
2026-09-25 15:04:15,29.8,78,73,0,False,False,False
2026-09-25 15:04:17,29.8,78,74,0,False,False,False
2026-09-25 15:04:19,29.8,78,74,0,False,False,False
2026-09-25 15:04:21,29.8,78,73,0,False,False,False
2026-09-25 15:04:23,29.8,78,74,0,False,False,False
2026-09-25 15:04:25,29.8,78,74,0,False,False,False
2026-09-25 15:04:27,29.8,78,73,0,False,False,False
2026-09-25 15:04:29,29.8,78,75,0,False,False,False
2026-09-25 15:04:31,29.8,78,73,0,False,False,False
2026-09-25 15:04:33,29.8,78,73,0,False,False,False
2026-09-25 15:04:35,29.8,78,74,0,False,False,False
2026-09-25 15:04:37,29.8,78,74,0,False,False,False
2026-09-25 15:04:39,29.8,78,74,0,False,False,False
2026-09-25 15:04:41,29.8,78,73,0,False,False,False
2026-09-25 15:04:43,29.8,78,73,0,False,False,False
2026-09-25 15:04:45,29.8,78,73,0,False,False,False
2026-09-25 15:04:47,30,77,73,0,False,False,True
2026-09-25 15:04:49,30.1,77,74,0,False,False,True
2026-09-25 15:04:51,30.1,77,74,0,False,False,True
2026-09-25 15:04:53,30.1,77,74,0,False,False,True
2026-09-25 15:04:55,30,77,73,0,False,False,True
2026-09-25 15:04:57,30,77,73,0,False,False,True
2026-09-25 15:04:59,30,77,73,0,False,False,True
2026-09-25 15:05:01,29.8,77,73,0,False,False,False
2026-09-25 15:05:03,29.8,77,74,0,False,False,False
2026-09-25 15:05:05,29.8,77,74,0,False,False,False
2026-09-25 15:05:07,29.8,77,73,0,False,False,False
2026-09-25 15:05:09,29.8,77,73,0,False,False,False
2026-09-25 15:05:11,29.8,77,74,0,False,False,False
2026-09-25 15:05:13,29.8,77,73,0,False,False,False
2026-09-25 15:05:15,29.8,77,73,0,False,False,False
2026-09-25 15:05:17,29.8,77,73,0,False,False,False
2026-09-25 15:05:19,29.8,77,73,0,False,False,False
2026-09-25 15:05:21,29.8,77,74,0,False,False,False
2026-09-25 15:05:23,29.8,77,74,0,False,False,False
2026-09-25 15:05:25,29.8,77,73,0,False,False,False
2026-09-25 15:05:27,29.8,78,74,0,False,False,False
2026-09-25 15:05:29,29.8,78,73,0,False,False,False
2026-09-25 15:05:31,29.8,78,73,0,False,False,False
2026-09-25 15:05:33,29.8,78,74,0,False,False,False
2026-09-25 15:05:35,29.8,78,73,0,False,False,False
2026-09-25 15:05:37,29.8,78,73,0,False,False,False
2026-09-25 15:05:39,29.8,78,73,0,False,False,False
2026-09-25 15:05:41,29.8,78,73,0,False,False,False
2026-09-25 15:05:43,29.8,78,73,0,False,False,False
2026-09-25 15:05:45,29.8,78,73,0,False,False,False
2026-09-25 15:05:47,29.8,78,73,0,False,False,False
2026-09-25 15:05:49,29.8,78,73,0,False,False,False
2026-09-25 15:05:51,29.8,78,73,0,False,False,False
2026-09-25 15:05:53,29.8,78,73,0,False,False,False
2026-09-25 15:05:55,29.8,78,73,0,False,False,False
2026-09-25 15:05:57,29.9,78,73,0,False,False,False
2026-09-25 15:05:59,30,77,73,0,False,False,True
2026-09-25 15:06:01,30.1,77,73,0,False,False,True
2026-09-25 15:06:03,30.1,77,73,0,False,False,True
2026-09-25 15:06:05,30.1,77,74,0,False,False,True
2026-09-25 15:06:07,30.2,77,73,0,False,False,True
2026-09-25 15:06:09,30.2,77,73,0,False,False,True
2026-09-25 15:06:11,30.2,77,73,0,False,False,True
2026-09-25 15:06:13,30.2,77,73,0,False,False,True
2026-09-25 15:06:15,30.2,77,73,0,False,False,True
2026-09-25 15:06:17,30.2,77,73,0,False,False,True
2026-09-25 15:06:19,30.2,77,73,0,False,False,True
2026-09-25 15:06:21,30.2,77,73,0,False,False,True
2026-09-25 15:06:23,30.2,77,73,0,False,False,True
2026-09-25 15:06:25,30.2,77,72,0,False,False,True
2026-09-25 15:06:27,30.2,77,73,0,False,False,True
2026-09-25 15:06:29,30.2,77,73,0,False,False,True
2026-09-25 15:06:31,30.2,77,73,0,False,False,True
2026-09-25 15:06:33,30.2,77,72,0,False,False,True
2026-09-25 15:06:35,30.2,76,75,0,False,False,True
2026-09-25 15:06:37,30.2,76,72,0,False,False,True
2026-09-25 15:06:39,30.2,77,75,0,False,False,True
2026-09-25 15:06:41,30.2,76,74,0,False,False,True
2026-09-25 15:06:43,30.2,76,74,0,False,False,True
2026-09-25 15:06:45,30.2,77,73,0,False,False,True
2026-09-25 15:06:47,30.2,77,74,0,False,False,True
2026-09-25 15:06:49,30.2,77,73,0,False,False,True
2026-09-25 15:06:51,30.2,77,73,0,False,False,True
2026-09-25 15:06:53,30.2,77,73,0,False,False,True
2026-09-25 15:06:55,30.2,77,73,0,False,False,True
2026-09-25 15:06:57,30.2,77,73,0,False,False,True
2026-09-25 15:06:59,30.2,77,73,0,False,False,True
2026-09-25 15:07:01,30.2,77,73,0,False,False,True
2026-09-25 15:07:03,30.2,77,74,0,False,False,True
2026-09-25 15:07:05,30.2,77,73,0,False,False,True
2026-09-25 15:07:07,30.2,77,73,0,False,False,True
2026-09-25 15:07:09,30.2,77,73,0,False,False,True
2026-09-25 15:07:11,30.2,77,73,0,False,False,True
2026-09-25 15:07:13,30.2,77,73,0,False,False,True
2026-09-25 15:07:15,30.2,76,73,0,False,False,True
2026-09-25 15:07:17,30.2,76,73,0,False,False,True
2026-09-25 15:07:19,30.2,76,73,0,False,False,True
2026-09-25 15:07:21,30.2,76,74,0,False,False,True
2026-09-25 15:07:23,30.2,77,73,0,False,False,True
2026-09-25 15:07:25,30.2,77,74,0,False,False,True
2026-09-25 15:07:27,30.2,77,74,0,False,False,True
2026-09-25 15:07:29,30.2,77,73,0,False,False,True
2026-09-25 15:07:31,30.2,77,73,0,False,False,True
2026-09-25 15:07:33,30.2,76,73,0,False,False,True
2026-09-25 15:07:35,30.2,76,74,0,False,False,True
2026-09-25 15:07:37,30.2,76,73,0,False,False,True
2026-09-25 15:07:39,30.2,76,73,0,False,False,True
2026-09-25 15:07:41,30.2,76,73,0,False,False,True
2026-09-25 15:07:43,30.2,77,73,0,False,False,True
2026-09-25 15:07:45,30.2,77,73,0,False,False,True
2026-09-25 15:07:47,30.2,77,73,0,False,False,True
2026-09-25 15:07:49,30.2,77,73,0,False,False,True
2026-09-25 15:07:51,30.2,77,73,0,False,False,True
2026-09-25 15:07:53,30.2,77,74,0,False,False,True
2026-09-25 15:07:55,30.2,77,74,0,False,False,True
2026-09-25 15:07:57,30.2,77,73,0,False,False,True
2026-09-25 15:07:59,30.2,77,72,0,False,False,True
2026-09-25 15:08:01,30.2,77,74,0,False,False,True
2026-09-25 15:08:03,30.2,77,73,0,False,False,True
2026-09-25 15:08:05,30.2,77,73,0,False,False,True
2026-09-25 15:08:07,30.2,77,73,0,False,False,True
2026-09-25 15:08:09,30.2,77,73,0,False,False,True
2026-09-25 15:08:11,30.2,77,73,0,False,False,True
2026-09-25 15:08:13,30.2,77,72,0,False,False,True
2026-09-25 15:08:15,30.2,77,73,0,False,False,True
2026-09-25 15:08:17,30.2,77,73,0,False,False,True
2026-09-25 15:08:19,30.2,77,73,0,False,False,True
2026-09-25 15:08:21,30.2,77,73,0,False,False,True
2026-09-25 15:08:23,30.2,77,73,0,False,False,True
2026-09-25 15:08:25,30.2,77,73,0,False,False,True
2026-09-25 15:08:27,30.2,77,74,0,False,False,True
2026-09-25 15:08:29,30.2,77,72,0,False,False,True
2026-09-25 15:08:31,30.2,77,73,0,False,False,True
2026-09-25 15:08:33,30.2,77,73,0,False,False,True
2026-09-25 15:08:35,30.2,76,73,0,False,False,True
2026-09-25 15:08:37,30.2,76,73,0,False,False,True
2026-09-25 15:08:39,30.2,76,73,0,False,False,True
2026-09-25 15:08:41,30.2,76,73,0,False,False,True
2026-09-25 15:08:43,30.2,76,72,0,False,False,True
2026-09-25 15:08:45,30.2,76,73,0,False,False,True
2026-09-25 15:08:47,30.2,76,72,0,False,False,True
2026-09-25 15:08:49,30.2,76,72,0,False,False,True
2026-09-25 15:08:51,30.2,76,72,0,False,False,True
2026-09-25 15:08:53,30.2,76,73,0,False,False,True
2026-09-25 15:08:55,30.2,76,73,0,False,False,True
2026-09-25 15:08:57,30.2,76,73,0,False,False,True
2026-09-25 15:08:59,30.2,76,72,0,False,False,True
2026-09-25 15:09:01,30.2,76,72,0,False,False,True
2026-09-25 15:09:03,30.2,76,72,0,False,False,True
2026-09-25 15:09:05,30.2,76,74,0,False,False,True
2026-09-25 15:09:07,30.2,77,72,0,False,False,True
2026-09-25 15:09:10,30.2,77,73,0,False,False,True
2026-09-25 15:09:12,30.2,77,74,0,False,False,True
2026-09-25 15:09:14,30.2,77,72,0,False,False,True
2026-09-25 15:09:16,30.2,77,73,0,False,False,True
2026-09-25 15:09:18,30.2,77,72,0,False,False,True
2026-09-25 15:09:20,30.2,77,72,0,False,False,True
2026-09-25 15:09:22,30.2,77,72,0,False,False,True
2026-09-25 15:09:24,30.2,77,73,0,False,False,True
2026-09-25 15:09:26,30.2,77,72,0,False,False,True
2026-09-25 15:09:28,30.2,77,73,0,False,False,True
2026-09-25 15:09:30,30.2,77,74,0,False,False,True
2026-09-25 15:09:32,30.2,77,74,0,False,False,True
2026-09-25 15:09:34,30.2,77,74,0,False,False,True
2026-09-25 15:09:36,30.2,77,73,0,False,False,True
2026-09-25 15:09:38,30.2,77,73,0,False,False,True
2026-09-25 15:09:40,30.2,76,72,0,False,False,True
2026-09-25 15:09:42,30.2,76,74,0,False,False,True
2026-09-25 15:09:44,30.2,76,73,0,False,False,True
2026-09-25 15:09:46,30.2,76,73,0,False,False,True
2026-09-25 15:09:48,30.2,76,72,0,False,False,True
2026-09-25 15:09:50,30.2,76,72,0,False,False,True
2026-09-25 15:09:52,30.2,76,74,0,False,False,True
2026-09-25 15:09:54,30.2,76,73,0,False,False,True
2026-09-25 15:09:56,30.2,76,73,0,False,False,True
2026-09-25 15:09:58,30.2,76,74,0,False,False,True
2026-09-25 15:10:00,30.2,76,73,0,False,False,True
2026-09-25 15:10:02,30.2,77,72,0,False,False,True
2026-09-25 15:10:04,30.2,76,72,0,False,False,True
2026-09-25 15:10:06,30.2,76,72,0,False,False,True
2026-09-25 15:10:08,30.2,76,72,0,False,False,True
2026-09-25 15:10:10,30.2,77,72,0,False,False,True
2026-09-25 15:10:12,30.2,77,72,0,False,False,True
2026-09-25 15:10:14,30.2,76,72,0,False,False,True
2026-09-25 15:10:16,30.2,76,72,0,False,False,True
2026-09-25 15:10:18,30.2,76,72,0,False,False,True
2026-09-25 15:10:20,30.2,76,72,0,False,False,True
2026-09-25 15:10:22,30.2,76,72,0,False,False,True
2026-09-25 15:10:24,30.2,76,73,0,False,False,True
2026-09-25 15:10:26,30.2,76,72,0,False,False,True
2026-09-25 15:10:28,30.2,76,73,0,False,False,True
2026-09-25 15:10:30,30.2,76,72,0,False,False,True
2026-09-25 15:10:32,30.2,76,73,0,False,False,True
2026-09-25 15:10:34,30.2,76,73,0,False,False,True
2026-09-25 15:10:36,30.2,76,72,0,False,False,True
2026-09-25 15:10:38,30.2,75,73,0,False,False,True
2026-09-25 15:10:40,30.2,76,73,0,False,False,True
2026-09-25 15:10:42,30.2,76,72,0,False,False,True
2026-09-25 15:10:44,30.2,76,72,0,False,False,True
2026-09-25 15:10:46,30.2,76,72,0,False,False,True
2026-09-25 15:10:48,30.2,76,73,0,False,False,True
2026-09-25 15:10:50,30.2,76,73,0,False,False,True
2026-09-25 15:10:52,30.2,76,73,0,False,False,True
2026-09-25 15:10:54,30.2,76,74,0,False,False,True
2026-09-25 15:10:56,30.2,76,72,0,False,False,True
2026-09-25 15:10:58,30.2,76,72,0,False,False,True
2026-09-25 15:11:00,30.2,76,74,0,False,False,True
2026-09-25 15:11:02,30.2,76,72,0,False,False,True
2026-09-25 15:11:04,30.2,76,72,0,False,False,True
2026-09-25 15:11:06,30.2,77,72,0,False,False,True
2026-09-25 15:11:08,30.2,77,72,0,False,False,True
2026-09-25 15:11:10,30.2,77,72,0,False,False,True
2026-09-25 15:11:12,30.2,77,72,0,False,False,True
2026-09-25 15:11:14,30.2,76,72,0,False,False,True
2026-09-25 15:11:16,30.2,76,72,0,False,False,True
2026-09-25 15:11:18,30.2,76,72,0,False,False,True
2026-09-25 15:11:20,30.2,76,72,0,False,False,True
2026-09-25 15:11:22,30.2,76,72,0,False,False,True
2026-09-25 15:11:24,30.2,76,72,0,False,False,True
2026-09-25 15:11:26,30.2,76,72,0,False,False,True
2026-09-25 15:11:28,30.2,76,72,0,False,False,True
2026-09-25 15:11:30,30.2,76,72,0,False,False,True
2026-09-25 15:11:32,30.2,76,72,0,False,False,True
2026-09-25 15:11:34,30.2,77,72,0,False,False,True
2026-09-25 15:11:36,30.2,77,72,0,False,False,True
2026-09-25 15:11:38,30.2,76,73,0,False,False,True
2026-09-25 15:11:40,30.2,76,72,0,False,False,True
2026-09-25 15:11:42,30.2,76,72,0,False,False,True
2026-09-25 15:11:44,30.2,76,72,0,False,False,True
2026-09-25 15:11:46,30.2,76,72,0,False,False,True
2026-09-25 15:11:48,30.2,76,72,0,False,False,True
2026-09-25 15:11:50,30.2,76,72,0,False,False,True
2026-09-25 15:11:52,30.2,76,73,0,False,False,True
2026-09-25 15:11:54,30.2,76,72,0,False,False,True
2026-09-25 15:11:56,30.2,76,72,0,False,False,True
2026-09-25 15:11:58,30.2,76,72,0,False,False,True
2026-09-25 15:12:00,30.2,76,72,0,False,False,True
2026-09-25 15:12:02,30.2,76,73,0,False,False,True
2026-09-25 15:12:04,30.2,77,71,0,False,False,True
2026-09-25 15:12:06,30.2,77,72,0,False,False,True
2026-09-25 15:12:08,30.2,77,71,0,False,False,True
2026-09-25 15:12:10,30.2,77,72,0,False,False,True
2026-09-25 15:12:12,30.2,77,72,0,False,False,True
2026-09-25 15:12:14,30.2,77,72,0,False,False,True
2026-09-25 15:12:16,30.2,77,72,0,False,False,True
2026-09-25 15:12:18,30.2,77,72,0,False,False,True
2026-09-25 15:12:20,30.2,77,73,0,False,False,True
2026-09-25 15:12:22,30.2,77,72,0,False,False,True
2026-09-25 15:12:24,30.2,77,72,0,False,False,True
2026-09-25 15:12:26,30.2,77,72,0,False,False,True
2026-09-25 15:12:28,30.2,77,72,0,False,False,True
2026-09-25 15:12:30,30.2,77,73,0,False,False,True
2026-09-25 15:12:32,30.2,77,72,0,False,False,True
2026-09-25 15:12:34,30.2,77,72,0,False,False,True
2026-09-25 15:12:36,30.2,77,71,0,False,False,True
2026-09-25 15:12:38,30.2,77,72,0,False,False,True
2026-09-25 15:12:40,30.2,77,72,0,False,False,True
2026-09-25 15:12:42,30.2,77,72,0,False,False,True
2026-09-25 15:12:44,30.2,77,72,0,False,False,True
2026-09-25 15:12:46,30.2,77,72,0,False,False,True
2026-09-25 15:12:48,30.2,77,72,0,False,False,True
2026-09-25 15:12:50,30.2,77,72,0,False,False,True
2026-09-25 15:12:52,30.2,77,72,0,False,False,True
2026-09-25 15:12:54,30.2,77,72,0,False,False,True
2026-09-25 15:12:56,30.2,77,72,0,False,False,True
2026-09-25 15:12:58,30.2,77,72,0,False,False,True
2026-09-25 15:13:00,30.2,77,71,0,False,False,True
2026-09-25 15:13:02,30.2,77,73,0,False,False,True
2026-09-25 15:13:04,30.2,77,71,0,False,False,True
2026-09-25 15:13:06,30.2,77,71,0,False,False,True
2026-09-25 15:13:08,30.2,77,73,0,False,False,True
2026-09-25 15:13:10,30.2,77,72,0,False,False,True
2026-09-25 15:13:12,30.2,77,72,0,False,False,True
2026-09-25 15:13:14,30.2,77,71,0,False,False,True
2026-09-25 15:13:16,30.2,77,72,0,False,False,True
2026-09-25 15:13:18,30.2,77,71,0,False,False,True
2026-09-25 15:13:20,30.2,77,71,0,False,False,True
2026-09-25 15:13:22,30.2,77,72,0,False,False,True
2026-09-25 15:13:24,30.2,77,71,0,False,False,True
2026-09-25 15:13:26,30.2,77,72,0,False,False,True
2026-09-25 15:13:28,30.2,77,72,0,False,False,True
2026-09-25 15:13:30,30.2,77,71,0,False,False,True
2026-09-25 15:13:32,30.3,77,72,0,False,False,True
2026-09-25 15:13:34,30.3,77,71,0,False,False,True
2026-09-25 15:13:36,30.3,77,72,0,False,False,True
2026-09-25 15:13:38,30.3,77,72,0,False,False,True
2026-09-25 15:13:40,30.5,77,72,0,False,False,True
2026-09-25 15:13:42,30.5,77,72,0,False,False,True
2026-09-25 15:13:44,30.6,77,71,0,False,False,True
2026-09-25 15:13:46,30.6,77,72,0,False,False,True
2026-09-25 15:13:48,30.6,77,72,0,False,False,True
2026-09-25 15:13:50,30.6,77,71,0,False,False,True
2026-09-25 15:13:52,30.7,77,71,0,False,False,True
2026-09-25 15:13:54,30.7,77,72,0,False,False,True
2026-09-25 15:13:56,30.7,77,72,0,False,False,True
2026-09-25 15:13:58,30.8,77,71,0,False,False,True
2026-09-25 15:14:00,30.8,77,71,0,False,False,True
2026-09-25 15:14:02,30.8,77,72,0,False,False,True
2026-09-25 15:14:04,30.8,77,72,0,False,False,True
2026-09-25 15:14:06,30.8,77,71,0,False,False,True
2026-09-25 15:14:08,30.8,77,72,0,False,False,True
2026-09-25 15:14:10,30.8,77,71,0,False,False,True
2026-09-25 15:14:12,30.8,77,72,0,False,False,True
2026-09-25 15:14:14,30.8,77,71,0,False,False,True
2026-09-25 15:14:16,30.8,77,73,0,False,False,True
2026-09-25 15:14:18,30.8,77,71,0,False,False,True
2026-09-25 15:14:20,30.8,77,71,0,False,False,True
2026-09-25 15:14:22,30.8,77,71,0,False,False,True
2026-09-25 15:14:24,30.8,77,72,0,False,False,True
2026-09-25 15:14:26,30.8,77,71,0,False,False,True
2026-09-25 15:14:28,30.8,77,71,0,False,False,True
2026-09-25 15:14:30,30.8,77,72,0,False,False,True
2026-09-25 15:14:32,30.8,77,71,0,False,False,True
2026-09-25 15:14:34,30.8,77,71,0,False,False,True
2026-09-25 15:14:36,30.8,77,71,0,False,False,True
2026-09-25 15:14:38,30.8,77,71,0,False,False,True
2026-09-25 15:14:40,30.8,77,71,0,False,False,True
2026-09-25 15:14:42,30.8,77,71,0,False,False,True
2026-09-25 15:14:44,30.8,77,71,0,False,False,True
2026-09-25 15:14:46,30.8,77,71,0,False,False,True
2026-09-25 15:14:48,30.8,77,71,0,False,False,True
2026-09-25 15:14:50,30.8,77,71,0,False,False,True
2026-09-25 15:14:52,30.8,77,71,0,False,False,True
2026-09-25 15:14:54,30.8,77,71,0,False,False,True
2026-09-25 15:14:56,30.8,77,71,0,False,False,True
2026-09-25 15:14:58,30.8,77,72,0,False,False,True
2026-09-25 15:15:00,30.8,77,72,0,False,False,True
2026-09-25 15:15:02,30.8,77,71,0,False,False,True
2026-09-25 15:15:04,30.8,77,71,0,False,False,True
2026-09-25 17:37:36,ERR,ERR,ERR,ERR,False,False,True
2026-09-25 17:37:38,ERR,ERR,ERR,ERR,False,False,True
2026-09-25 17:37:40,ERR,ERR,ERR,ERR,False,False,True
2026-09-25 17:37:42,ERR,ERR,ERR,ERR,False,False,True
2026-09-25 17:37:44,ERR,ERR,ERR,ERR,False,False,True
2026-09-25 17:37:46,ERR,ERR,ERR,ERR,False,False,True
2026-09-25 17:37:48,ERR,ERR,ERR,ERR,False,False,True
2026-09-25 17:37:50,ERR,ERR,ERR,ERR,False,False,True
2026-09-25 17:37:52,ERR,ERR,ERR,ERR,False,False,True
2026-09-25 17:37:54,ERR,ERR,ERR,ERR,False,False,True
2026-09-25 17:37:56,ERR,ERR,ERR,ERR,False,False,True
2026-09-25 17:37:58,ERR,ERR,ERR,ERR,False,False,True
2026-09-25 17:38:00,ERR,ERR,ERR,ERR,False,False,True
2026-09-25 17:38:02,ERR,ERR,ERR,ERR,False,False,True
2026-09-25 17:38:04,ERR,ERR,ERR,ERR,False,False,True
2026-09-25 17:38:06,ERR,ERR,ERR,ERR,False,False,True
2026-09-25 17:38:08,ERR,ERR,ERR,ERR,False,False,True
2026-09-25 17:38:10,ERR,ERR,ERR,ERR,False,False,True
2026-09-25 17:38:12,ERR,ERR,ERR,ERR,False,False,True
2026-09-25 17:38:14,ERR,ERR,ERR,ERR,False,False,True
2026-09-25 17:38:16,ERR,ERR,ERR,ERR,False,False,True
2026-09-25 17:38:18,ERR,ERR,ERR,ERR,False,False,True
2026-09-25 17:38:20,ERR,ERR,ERR,ERR,False,False,True
2026-09-25 17:38:22,ERR,ERR,ERR,ERR,False,False,True
2026-09-25 17:38:24,ERR,ERR,ERR,ERR,False,False,True
2026-09-25 17:38:26,ERR,ERR,ERR,ERR,False,False,True
2026-09-25 17:38:28,ERR,ERR,ERR,ERR,False,False,True
2026-09-25 17:38:30,ERR,ERR,ERR,ERR,False,False,True
2026-09-25 17:38:32,ERR,ERR,ERR,ERR,False,False,True
2026-09-25 17:38:34,ERR,ERR,ERR,ERR,False,False,True
2026-09-25 17:38:36,ERR,ERR,ERR,ERR,False,False,True
2026-09-25 17:38:38,ERR,ERR,ERR,ERR,False,False,True
2026-09-25 17:38:40,ERR,ERR,ERR,ERR,False,False,True
2026-09-25 17:38:42,ERR,ERR,ERR,ERR,False,False,True
2026-09-25 17:38:44,ERR,ERR,ERR,ERR,False,False,True
2026-09-25 17:38:46,ERR,ERR,ERR,ERR,False,False,True
2026-09-25 17:38:48,ERR,ERR,ERR,ERR,False,False,True
2026-09-25 17:38:50,ERR,ERR,ERR,ERR,False,False,True
2026-09-25 17:38:52,ERR,ERR,ERR,ERR,False,False,True
2026-09-25 17:38:54,ERR,ERR,ERR,ERR,False,False,True
2026-09-25 17:38:56,ERR,ERR,ERR,ERR,False,False,True
2026-09-25 17:38:58,ERR,ERR,ERR,ERR,False,False,True
2026-09-25 17:39:00,ERR,ERR,ERR,ERR,False,False,True
2026-09-25 17:39:02,ERR,ERR,ERR,ERR,False,False,True
2026-09-25 17:39:04,ERR,ERR,ERR,ERR,False,False,True
2026-09-25 17:39:06,ERR,ERR,ERR,ERR,False,False,True
2026-09-25 17:39:08,ERR,ERR,ERR,ERR,False,False,True
2026-09-25 17:39:10,ERR,ERR,ERR,ERR,False,False,True
2026-09-25 17:39:12,ERR,ERR,ERR,ERR,False,False,True
2026-09-25 17:39:14,ERR,ERR,ERR,ERR,False,False,True
2026-09-25 17:39:16,ERR,ERR,ERR,ERR,False,False,True
2026-09-25 17:39:18,ERR,ERR,ERR,ERR,False,False,True
2026-09-25 17:39:20,ERR,ERR,ERR,ERR,False,False,True
2026-09-25 17:39:22,ERR,ERR,ERR,ERR,False,False,True
2026-09-25 17:39:24,ERR,ERR,ERR,ERR,False,False,True
2026-09-25 17:39:26,ERR,ERR,ERR,ERR,False,False,True
2026-09-25 17:39:28,ERR,ERR,ERR,ERR,False,False,True
2026-09-25 17:39:30,ERR,ERR,ERR,ERR,False,False,True
2026-09-25 17:39:32,ERR,ERR,ERR,ERR,False,False,True
2026-09-25 17:39:34,ERR,ERR,ERR,ERR,False,False,True
2026-09-25 17:39:36,ERR,ERR,ERR,ERR,False,False,True
2026-09-25 17:39:38,ERR,ERR,ERR,ERR,False,False,True
2026-09-25 17:39:40,ERR,ERR,ERR,ERR,False,False,True
2026-09-25 17:39:42,ERR,ERR,ERR,ERR,False,False,True
2026-09-25 17:39:44,ERR,ERR,ERR,ERR,False,False,True
2026-09-25 17:39:46,ERR,ERR,ERR,ERR,False,False,True
2026-09-25 17:39:48,ERR,ERR,ERR,ERR,False,False,True
2026-09-25 17:39:50,ERR,ERR,ERR,ERR,False,False,True
2026-09-25 17:39:52,ERR,ERR,ERR,ERR,False,False,True
2026-09-25 17:39:54,ERR,ERR,ERR,ERR,False,False,True
2026-09-25 17:39:56,ERR,ERR,ERR,ERR,False,False,True
2026-09-25 17:39:58,ERR,ERR,ERR,ERR,False,False,True
2026-09-25 17:40:00,ERR,ERR,ERR,ERR,False,False,True
2026-09-25 17:40:02,ERR,ERR,ERR,ERR,False,False,True
2026-09-25 17:40:04,ERR,ERR,ERR,ERR,False,False,True
2026-09-25 17:40:06,ERR,ERR,ERR,ERR,False,False,True
2026-09-25 17:40:08,ERR,ERR,ERR,ERR,False,False,True
2026-09-25 17:40:10,ERR,ERR,ERR,ERR,False,False,True
2026-09-25 17:40:12,ERR,ERR,ERR,ERR,False,False,True
2026-09-25 17:40:14,ERR,ERR,ERR,ERR,False,False,True
2026-09-25 17:40:16,ERR,ERR,ERR,ERR,False,False,True
2026-09-25 17:40:18,ERR,ERR,ERR,ERR,False,False,True
2026-09-25 17:40:20,ERR,ERR,ERR,ERR,False,False,True
2026-09-25 17:40:22,ERR,ERR,ERR,ERR,False,False,True
2026-09-25 17:40:24,ERR,ERR,ERR,ERR,False,False,True
2026-09-25 17:40:26,ERR,ERR,ERR,ERR,False,False,True
2026-09-25 17:40:28,ERR,ERR,ERR,ERR,False,False,True
2026-09-25 17:40:30,ERR,ERR,ERR,ERR,False,False,True
2026-09-25 17:40:32,ERR,ERR,ERR,ERR,False,False,True
2026-09-25 17:40:34,ERR,ERR,ERR,ERR,False,False,True
2026-09-25 17:40:36,ERR,ERR,ERR,ERR,False,False,True
2026-09-25 17:40:38,ERR,ERR,ERR,ERR,False,False,True
2026-09-25 17:40:40,ERR,ERR,ERR,ERR,False,False,True
2026-09-25 17:40:42,ERR,ERR,ERR,ERR,False,False,True
2026-09-25 17:40:44,ERR,ERR,ERR,ERR,False,False,True
2026-09-25 17:40:46,ERR,ERR,ERR,ERR,False,False,True
2026-09-25 17:40:48,ERR,ERR,ERR,ERR,False,False,True
2026-09-25 17:40:50,ERR,ERR,ERR,ERR,False,False,True
2026-09-25 17:40:52,ERR,ERR,ERR,ERR,False,False,True
2026-09-25 17:40:54,ERR,ERR,ERR,ERR,False,False,True
2026-09-25 17:40:56,ERR,ERR,ERR,ERR,False,False,True
2026-09-25 17:40:58,ERR,ERR,ERR,ERR,False,False,True
2026-09-25 17:41:00,ERR,ERR,ERR,ERR,False,False,True
2026-09-25 17:41:02,ERR,ERR,ERR,ERR,False,False,True
2026-09-25 17:41:04,ERR,ERR,ERR,ERR,False,False,True
2026-09-25 17:41:06,ERR,ERR,ERR,ERR,False,False,True
2026-09-25 17:41:08,ERR,ERR,ERR,ERR,False,False,True
2026-09-25 17:41:10,ERR,ERR,ERR,ERR,False,False,True
2026-09-25 17:41:12,ERR,ERR,ERR,ERR,False,False,True
2026-09-25 17:41:14,ERR,ERR,ERR,ERR,False,False,True
2026-09-25 17:41:16,ERR,ERR,ERR,ERR,False,False,True
2026-09-25 17:41:18,ERR,ERR,ERR,ERR,False,False,True
2026-09-25 17:41:20,ERR,ERR,ERR,ERR,False,False,True
2026-09-25 20:41:24,ERR,ERR,ERR,ERR,False,False,True
2026-09-26 05:35:36,ERR,ERR,ERR,ERR,False,False,True
2026-09-26 05:35:39,ERR,ERR,ERR,ERR,False,False,True
2026-09-26 05:35:41,ERR,ERR,ERR,ERR,False,False,True
2026-09-26 05:35:43,ERR,ERR,ERR,ERR,False,False,True
2026-09-26 05:35:45,ERR,ERR,ERR,ERR,False,False,True
2026-09-26 05:35:47,ERR,ERR,ERR,ERR,False,False,True
2026-09-26 05:35:49,ERR,ERR,ERR,ERR,False,False,True
2026-09-26 05:35:51,ERR,ERR,ERR,ERR,False,False,True
2026-09-26 05:35:53,ERR,ERR,ERR,ERR,False,False,True
2026-09-26 05:35:55,ERR,ERR,ERR,ERR,False,False,True
2026-09-26 05:35:57,ERR,ERR,ERR,ERR,False,False,True
2026-09-26 05:35:59,ERR,ERR,ERR,ERR,False,False,True
2026-09-26 05:36:01,ERR,ERR,ERR,ERR,False,False,True
2026-09-26 05:36:03,ERR,ERR,ERR,ERR,False,False,True
2026-09-26 05:36:05,ERR,ERR,ERR,ERR,False,False,True
2026-09-26 05:36:07,ERR,ERR,ERR,ERR,False,False,True
2026-09-26 05:36:09,ERR,ERR,ERR,ERR,False,False,True
2026-09-26 05:36:11,ERR,ERR,ERR,ERR,False,False,True
2026-09-26 05:36:13,ERR,ERR,ERR,ERR,False,False,True
2026-09-26 05:36:15,ERR,ERR,ERR,ERR,False,False,True
2026-09-26 05:36:17,ERR,ERR,ERR,ERR,False,False,True
2026-09-26 05:36:19,ERR,ERR,ERR,ERR,False,False,True
2026-09-26 05:36:21,ERR,ERR,ERR,ERR,False,False,True
2026-09-26 05:36:23,ERR,ERR,ERR,ERR,False,False,True
2026-09-26 05:36:25,ERR,ERR,ERR,ERR,False,False,True
2026-09-26 05:36:27,ERR,ERR,ERR,ERR,False,False,True
2026-09-26 05:36:29,ERR,ERR,ERR,ERR,False,False,True
2026-09-26 05:36:31,ERR,ERR,ERR,ERR,False,False,True
2026-09-26 05:36:33,ERR,ERR,ERR,ERR,False,False,True
2026-09-26 05:36:35,ERR,ERR,ERR,ERR,False,False,True
2026-09-26 05:36:37,ERR,ERR,ERR,ERR,False,False,True
2026-09-26 05:36:39,ERR,ERR,ERR,ERR,False,False,True
2026-09-26 05:36:41,ERR,ERR,ERR,ERR,False,False,True
2026-09-26 05:36:43,ERR,ERR,ERR,ERR,False,False,True
2026-09-26 05:36:45,ERR,ERR,ERR,ERR,False,False,True
2026-09-26 05:36:47,ERR,ERR,ERR,ERR,False,False,True
2026-09-26 05:36:49,ERR,ERR,ERR,ERR,False,False,True
2026-09-26 05:36:51,ERR,ERR,ERR,ERR,False,False,True
2026-09-26 05:36:53,ERR,ERR,ERR,ERR,False,False,True
2026-09-26 05:36:55,ERR,ERR,ERR,ERR,False,False,True
2026-09-26 05:36:57,ERR,ERR,ERR,ERR,False,False,True
2026-09-26 05:36:59,ERR,ERR,ERR,ERR,False,False,True
2026-09-26 05:37:01,ERR,ERR,ERR,ERR,False,False,True
2026-09-26 05:37:04,ERR,ERR,ERR,ERR,False,False,True
2026-09-26 07:18:14,ERR,ERR,ERR,ERR,False,False,False
2026-09-26 07:18:16,ERR,ERR,ERR,ERR,False,False,False
2026-09-26 07:18:18,ERR,ERR,ERR,ERR,False,False,False
2026-09-26 07:18:20,ERR,ERR,ERR,ERR,False,False,False
2026-09-26 07:18:22,ERR,ERR,ERR,ERR,False,False,False
2026-09-26 07:18:24,ERR,ERR,ERR,ERR,False,False,False
2026-09-26 07:18:26,ERR,ERR,ERR,ERR,False,False,False
2026-09-26 07:18:28,ERR,ERR,ERR,ERR,False,False,False
2026-09-26 07:18:30,ERR,ERR,ERR,ERR,False,False,False
2026-09-26 07:18:32,ERR,ERR,ERR,ERR,False,False,False
2026-09-26 07:18:34,ERR,ERR,ERR,ERR,False,False,False
2026-09-26 07:18:36,ERR,ERR,ERR,ERR,False,False,False
2026-09-26 07:18:38,ERR,ERR,ERR,ERR,False,False,False
2026-09-26 07:18:40,ERR,ERR,ERR,ERR,False,False,False
2026-09-26 07:18:42,ERR,ERR,ERR,ERR,False,False,False
2026-09-26 07:18:44,ERR,ERR,ERR,ERR,False,False,False
2026-09-26 07:18:46,ERR,ERR,ERR,ERR,False,False,False
2026-09-26 07:18:48,ERR,ERR,ERR,ERR,False,False,False
2026-09-26 07:18:50,ERR,ERR,ERR,ERR,False,False,False
2026-09-26 07:18:52,ERR,ERR,ERR,ERR,False,False,False
2026-09-26 07:18:54,ERR,ERR,ERR,ERR,False,False,False
2026-09-26 07:18:56,ERR,ERR,ERR,ERR,False,False,False
2026-09-26 07:18:58,ERR,ERR,ERR,ERR,False,False,False
2026-09-26 07:19:00,ERR,ERR,ERR,ERR,False,False,False
2026-09-26 07:19:02,ERR,ERR,ERR,ERR,False,False,False
2026-09-26 07:19:04,ERR,ERR,ERR,ERR,False,False,False
2026-09-26 07:19:06,ERR,ERR,ERR,ERR,False,False,False
2026-09-26 07:19:08,ERR,ERR,ERR,ERR,False,False,False
2026-09-26 07:19:10,ERR,ERR,ERR,ERR,False,False,False
2026-09-26 07:19:12,ERR,ERR,ERR,ERR,False,False,False
2026-09-26 07:19:14,ERR,ERR,ERR,ERR,False,False,False
2026-09-26 07:19:16,ERR,ERR,ERR,ERR,False,False,False
2026-09-26 07:19:18,ERR,ERR,ERR,ERR,False,False,False
2026-09-26 07:19:20,ERR,ERR,ERR,ERR,False,False,False
2026-09-26 07:19:22,ERR,ERR,ERR,ERR,False,False,False
2026-09-26 07:19:24,ERR,ERR,ERR,ERR,False,False,False
2026-09-26 07:19:26,ERR,ERR,ERR,ERR,False,False,False
2026-09-26 07:19:29,ERR,ERR,ERR,ERR,False,False,False
2026-09-26 07:19:31,ERR,ERR,ERR,ERR,False,False,False
2026-09-26 07:19:33,ERR,ERR,ERR,ERR,False,False,False
2026-09-26 07:19:35,ERR,ERR,ERR,ERR,False,False,False
2026-09-26 07:19:37,ERR,ERR,ERR,ERR,False,False,False
2026-09-26 07:19:39,ERR,ERR,ERR,ERR,False,False,False
2026-09-26 07:19:41,ERR,ERR,ERR,ERR,False,False,False
2026-09-26 07:19:43,ERR,ERR,ERR,ERR,False,False,False
2026-09-26 07:19:45,ERR,ERR,ERR,ERR,False,False,False
2026-09-26 07:19:47,ERR,ERR,ERR,ERR,False,False,False
2026-09-26 07:19:49,ERR,ERR,ERR,ERR,False,False,False
2026-09-26 07:19:51,ERR,ERR,ERR,ERR,False,False,False
2026-09-26 07:19:53,ERR,ERR,ERR,ERR,False,False,False
2026-09-26 07:19:55,ERR,ERR,ERR,ERR,False,False,False
2026-09-26 07:19:57,ERR,ERR,ERR,ERR,False,False,False
2026-09-26 07:19:59,ERR,ERR,ERR,ERR,False,False,False
2026-09-26 07:20:01,ERR,ERR,ERR,ERR,False,False,False
2026-09-26 07:20:03,ERR,ERR,ERR,ERR,False,False,False
2026-09-26 07:20:05,ERR,ERR,ERR,ERR,False,False,False
2026-09-26 07:20:07,ERR,ERR,ERR,ERR,False,False,False
2026-09-26 07:20:09,ERR,ERR,ERR,ERR,False,False,False
2026-09-26 07:20:11,ERR,ERR,ERR,ERR,False,False,False
2026-09-26 07:20:13,ERR,ERR,ERR,ERR,False,False,False
2026-09-26 07:20:15,ERR,ERR,ERR,ERR,False,False,False
2026-09-26 07:20:17,ERR,ERR,ERR,ERR,False,False,False
2026-09-26 07:20:19,ERR,ERR,ERR,ERR,False,False,False
2026-09-26 07:20:21,ERR,ERR,ERR,ERR,False,False,False
2026-09-26 07:20:23,ERR,ERR,ERR,ERR,False,False,False
2026-09-26 07:20:25,ERR,ERR,ERR,ERR,False,False,False
2026-09-26 07:20:27,ERR,ERR,ERR,ERR,False,False,False
2026-09-26 07:20:29,ERR,ERR,ERR,ERR,False,False,False
2026-09-26 07:20:31,ERR,ERR,ERR,ERR,False,False,False
2026-09-26 07:20:33,ERR,ERR,ERR,ERR,False,False,False
2026-09-26 07:20:35,ERR,ERR,ERR,ERR,False,False,False
2026-09-26 07:20:37,ERR,ERR,ERR,ERR,False,False,False
2026-09-26 07:20:39,ERR,ERR,ERR,ERR,False,False,False
2026-09-26 07:20:41,ERR,ERR,ERR,ERR,False,False,False
2026-09-26 07:20:43,ERR,ERR,ERR,ERR,False,False,False
2026-09-26 07:20:45,ERR,ERR,ERR,ERR,False,False,False
2026-09-26 07:20:47,ERR,ERR,ERR,ERR,False,False,False
2026-09-26 07:20:49,ERR,ERR,ERR,ERR,False,False,False
2026-09-26 07:20:51,ERR,ERR,ERR,ERR,False,False,False
2026-09-26 07:20:53,ERR,ERR,ERR,ERR,False,False,False
2026-09-26 07:20:55,ERR,ERR,ERR,ERR,False,False,False
2026-09-26 07:20:57,ERR,ERR,ERR,ERR,False,False,False
2026-09-26 07:20:59,ERR,ERR,ERR,ERR,False,False,False
2026-09-26 07:21:01,ERR,ERR,ERR,ERR,False,False,False
2026-09-26 07:21:03,ERR,ERR,ERR,ERR,False,False,False
2026-09-26 07:21:05,ERR,ERR,ERR,ERR,False,False,False
2026-09-26 07:21:07,ERR,ERR,ERR,ERR,False,False,False
2026-09-26 07:21:09,ERR,ERR,ERR,ERR,False,False,False
2026-09-26 07:21:11,ERR,ERR,ERR,ERR,False,False,False
2026-09-26 07:21:13,ERR,ERR,ERR,ERR,False,False,False
2026-09-26 07:21:15,ERR,ERR,ERR,ERR,False,False,False
2026-09-26 07:21:17,ERR,ERR,ERR,ERR,False,False,False
2026-09-26 07:21:19,ERR,ERR,ERR,ERR,False,False,False
2026-09-26 07:21:21,ERR,ERR,ERR,ERR,False,False,False
2026-09-26 07:21:23,ERR,ERR,ERR,ERR,False,False,False
2026-09-26 07:21:25,ERR,ERR,ERR,ERR,False,False,False
2026-09-26 07:21:27,ERR,ERR,ERR,ERR,False,False,False
2026-09-26 07:21:29,ERR,ERR,ERR,ERR,False,False,False
2026-09-26 07:21:31,ERR,ERR,ERR,ERR,False,False,False
2026-09-26 07:21:33,ERR,ERR,ERR,ERR,False,False,False
2026-09-26 07:21:35,ERR,ERR,ERR,ERR,False,False,False
2026-09-26 07:21:37,ERR,ERR,ERR,ERR,False,False,False
2026-09-26 07:21:39,ERR,ERR,ERR,ERR,False,False,False
2026-09-26 07:21:41,ERR,ERR,ERR,ERR,False,False,False
2026-09-26 07:21:43,ERR,ERR,ERR,ERR,False,False,False
2026-09-26 07:21:45,ERR,ERR,ERR,ERR,False,False,False
2026-09-26 07:21:47,ERR,ERR,ERR,ERR,False,False,False
2026-09-26 07:21:49,ERR,ERR,ERR,ERR,False,False,False
2026-09-26 07:21:51,ERR,ERR,ERR,ERR,False,False,False
2026-09-26 07:21:53,ERR,ERR,ERR,ERR,False,False,False
2026-09-26 07:21:55,ERR,ERR,ERR,ERR,False,False,False
2026-09-26 07:21:57,ERR,ERR,ERR,ERR,False,False,False
2026-09-26 07:21:59,ERR,ERR,ERR,ERR,False,False,False
2026-09-26 07:22:01,ERR,ERR,ERR,ERR,False,False,False
2026-09-26 07:22:03,ERR,ERR,ERR,ERR,False,False,False
2026-09-26 07:22:05,ERR,ERR,ERR,ERR,False,False,False
2026-09-26 07:22:07,ERR,ERR,ERR,ERR,False,False,False
2026-09-26 07:22:09,ERR,ERR,ERR,ERR,False,False,False
2026-09-26 07:22:11,ERR,ERR,ERR,ERR,False,False,False
2026-09-26 07:22:13,ERR,ERR,ERR,ERR,False,False,False
2026-09-26 07:22:15,ERR,ERR,ERR,ERR,False,False,False
2026-09-26 07:22:17,ERR,ERR,ERR,ERR,False,False,False
2026-09-26 07:22:19,ERR,ERR,ERR,ERR,False,False,False
2026-09-26 07:22:21,ERR,ERR,ERR,ERR,False,False,False
2026-09-26 07:22:23,ERR,ERR,ERR,ERR,False,False,False
2026-09-26 07:22:25,ERR,ERR,ERR,ERR,False,False,False
2026-09-26 07:22:27,ERR,ERR,ERR,ERR,False,False,False
2026-09-26 07:22:29,ERR,ERR,ERR,ERR,False,False,False
2026-09-26 07:22:31,ERR,ERR,ERR,ERR,False,False,False
2026-09-26 07:22:33,ERR,ERR,ERR,ERR,False,False,False
2026-09-26 07:22:35,ERR,ERR,ERR,ERR,False,False,False
2026-09-26 07:22:37,ERR,ERR,ERR,ERR,False,False,False
2026-09-26 07:22:39,ERR,ERR,ERR,ERR,False,False,False
2026-09-26 07:22:41,ERR,ERR,ERR,ERR,False,False,False
2026-09-26 07:22:43,ERR,ERR,ERR,ERR,False,False,False
2026-09-26 07:22:45,ERR,ERR,ERR,ERR,False,False,False
2026-09-26 07:22:47,ERR,ERR,ERR,ERR,False,False,False
2026-09-26 07:22:49,ERR,ERR,ERR,ERR,False,False,False
2026-09-26 07:22:51,ERR,ERR,ERR,ERR,False,False,False
2026-09-26 07:22:53,ERR,ERR,ERR,ERR,False,False,False
2026-09-26 07:22:55,ERR,ERR,ERR,ERR,False,False,False
2026-09-26 07:22:57,ERR,ERR,ERR,ERR,False,False,False
2026-09-26 07:22:59,ERR,ERR,ERR,ERR,False,False,False
2026-09-26 07:23:01,ERR,ERR,ERR,ERR,False,False,False
2026-09-26 07:23:03,ERR,ERR,ERR,ERR,False,False,False
2026-09-26 07:23:05,ERR,ERR,ERR,ERR,False,False,False
2026-09-26 07:23:07,ERR,ERR,ERR,ERR,False,False,False
2026-09-26 07:23:09,ERR,ERR,ERR,ERR,False,False,False
2026-09-26 07:23:11,ERR,ERR,ERR,ERR,False,False,False
2026-09-26 07:23:13,ERR,ERR,ERR,ERR,False,False,False
2026-09-26 07:23:15,ERR,ERR,ERR,ERR,False,False,False
2026-09-26 07:23:17,ERR,ERR,ERR,ERR,False,False,False
2026-09-26 07:23:19,ERR,ERR,ERR,ERR,False,False,False
2026-09-26 07:23:21,ERR,ERR,ERR,ERR,False,False,False
2026-09-26 07:23:23,ERR,ERR,ERR,ERR,False,False,False
2026-09-26 07:23:25,ERR,ERR,ERR,ERR,False,False,False
2026-09-26 07:23:27,ERR,ERR,ERR,ERR,False,False,False
2026-09-26 07:23:29,ERR,ERR,ERR,ERR,False,False,False
2026-09-26 07:23:31,ERR,ERR,ERR,ERR,False,False,False
2026-09-26 07:23:33,ERR,ERR,ERR,ERR,False,False,False
2026-09-26 07:23:35,ERR,ERR,ERR,ERR,False,False,False
2026-09-26 07:23:37,ERR,ERR,ERR,ERR,False,False,False
2026-09-26 07:23:39,ERR,ERR,ERR,ERR,False,False,False
2026-09-26 07:23:41,ERR,ERR,ERR,ERR,False,False,False
2026-09-26 07:23:43,ERR,ERR,ERR,ERR,False,False,False
2026-09-26 07:23:45,ERR,ERR,ERR,ERR,False,False,False
2026-09-26 07:23:47,ERR,ERR,ERR,ERR,False,False,False
2026-09-26 07:23:49,ERR,ERR,ERR,ERR,False,False,False
2026-09-26 07:23:51,ERR,ERR,ERR,ERR,False,False,False
2026-09-26 07:23:53,ERR,ERR,ERR,ERR,False,False,False
2026-09-26 07:23:55,ERR,ERR,ERR,ERR,False,False,False
2026-09-26 07:23:57,ERR,ERR,ERR,ERR,False,False,False
2026-09-26 07:23:59,ERR,ERR,ERR,ERR,False,False,False
2026-09-26 07:24:01,ERR,ERR,ERR,ERR,False,False,False
2026-09-26 07:24:03,ERR,ERR,ERR,ERR,False,False,False
2026-09-26 07:24:05,ERR,ERR,ERR,ERR,False,False,False
2026-09-26 07:24:07,ERR,ERR,ERR,ERR,False,False,False
2026-09-26 07:24:09,ERR,ERR,ERR,ERR,False,False,False
2026-09-26 07:24:11,ERR,ERR,ERR,ERR,False,False,False
2026-09-26 07:24:13,ERR,ERR,ERR,ERR,False,False,False
2026-09-26 07:24:15,ERR,ERR,ERR,ERR,False,False,False
2026-09-26 07:24:17,ERR,ERR,ERR,ERR,False,False,False
2026-09-26 07:24:19,ERR,ERR,ERR,ERR,False,False,False
2026-09-26 07:24:21,ERR,ERR,ERR,ERR,False,False,False
2026-09-26 07:24:23,ERR,ERR,ERR,ERR,False,False,False
2026-09-26 07:24:25,ERR,ERR,ERR,ERR,False,False,False
2026-09-26 07:24:27,ERR,ERR,ERR,ERR,False,False,False
2026-09-26 07:24:29,ERR,ERR,ERR,ERR,False,False,False
2026-09-26 07:24:31,ERR,ERR,ERR,ERR,False,False,False
2026-09-26 07:24:33,ERR,ERR,ERR,ERR,False,False,False
2026-09-26 07:24:35,ERR,ERR,ERR,ERR,False,False,False
2026-09-26 07:24:37,ERR,ERR,ERR,ERR,False,False,False
2026-09-26 07:24:39,ERR,ERR,ERR,ERR,False,False,False
2026-09-26 07:24:41,ERR,ERR,ERR,ERR,False,False,False
2026-09-26 07:24:43,ERR,ERR,ERR,ERR,False,False,False
2026-09-26 07:24:45,ERR,ERR,ERR,ERR,False,False,False
2026-09-26 07:24:47,ERR,ERR,ERR,ERR,False,False,False
2026-09-26 07:24:49,ERR,ERR,ERR,ERR,False,False,False
2026-09-26 07:24:51,ERR,ERR,ERR,ERR,False,False,False
2026-09-26 07:24:53,ERR,ERR,ERR,ERR,False,False,False
2026-09-26 07:24:55,ERR,ERR,ERR,ERR,False,False,False
2026-09-26 07:24:57,ERR,ERR,ERR,ERR,False,False,False
2026-09-26 07:24:59,ERR,ERR,ERR,ERR,False,False,False
2026-09-26 07:25:01,ERR,ERR,ERR,ERR,False,False,False
2026-09-26 07:25:03,ERR,ERR,ERR,ERR,False,False,False
2026-09-26 07:25:05,ERR,ERR,ERR,ERR,False,False,False
2026-09-26 07:25:07,ERR,ERR,ERR,ERR,False,False,False
2026-09-26 07:25:09,ERR,ERR,ERR,ERR,False,False,False
2026-09-26 07:25:11,ERR,ERR,ERR,ERR,False,False,False
2026-09-26 07:25:13,ERR,ERR,ERR,ERR,False,False,False
2026-09-26 07:25:15,ERR,ERR,ERR,ERR,False,False,False
2026-09-26 07:25:17,ERR,ERR,ERR,ERR,False,False,False
2026-09-26 07:25:19,ERR,ERR,ERR,ERR,False,False,False
2026-09-26 07:25:21,ERR,ERR,ERR,ERR,False,False,False
2026-09-26 07:25:23,ERR,ERR,ERR,ERR,False,False,False
2026-09-26 07:25:25,ERR,ERR,ERR,ERR,False,False,False
2026-09-26 07:25:27,ERR,ERR,ERR,ERR,False,False,False
2026-09-26 07:25:29,ERR,ERR,ERR,ERR,False,False,False
2026-09-26 07:25:31,ERR,ERR,ERR,ERR,False,False,False
2026-09-26 07:25:33,ERR,ERR,ERR,ERR,False,False,False
2026-09-26 07:25:35,ERR,ERR,ERR,ERR,False,False,False
2026-09-26 07:25:37,ERR,ERR,ERR,ERR,False,False,False
2026-09-26 07:25:39,ERR,ERR,ERR,ERR,False,False,False
2026-09-26 07:25:41,ERR,ERR,ERR,ERR,False,False,False
2026-09-26 07:25:43,ERR,ERR,ERR,ERR,False,False,False
2026-09-26 07:25:45,ERR,ERR,ERR,ERR,False,False,False
2026-09-26 07:25:47,ERR,ERR,ERR,ERR,False,False,False
2026-09-26 07:25:49,ERR,ERR,ERR,ERR,False,False,False
2026-09-26 07:25:51,ERR,ERR,ERR,ERR,False,False,False
2026-09-26 07:25:53,ERR,ERR,ERR,ERR,False,False,False
2026-09-26 07:25:55,ERR,ERR,ERR,ERR,False,False,False
2026-09-26 07:25:57,ERR,ERR,ERR,ERR,False,False,False
2026-09-26 07:25:59,ERR,ERR,ERR,ERR,False,False,False
2026-09-26 07:26:01,ERR,ERR,ERR,ERR,False,False,False
2026-09-26 07:26:03,ERR,ERR,ERR,ERR,False,False,False
2026-09-26 07:26:05,ERR,ERR,ERR,ERR,False,False,False
2026-09-26 07:26:07,ERR,ERR,ERR,ERR,False,False,False
2026-09-26 07:26:09,ERR,ERR,ERR,ERR,False,False,False
2026-09-26 07:26:11,ERR,ERR,ERR,ERR,False,False,False
2026-09-26 07:26:13,ERR,ERR,ERR,ERR,False,False,False
2026-09-26 07:26:15,ERR,ERR,ERR,ERR,False,False,False
2026-09-26 07:26:17,ERR,ERR,ERR,ERR,False,False,False
2026-09-26 07:26:19,ERR,ERR,ERR,ERR,False,False,False
2026-09-26 07:26:21,ERR,ERR,ERR,ERR,False,False,False
2026-09-26 07:26:23,ERR,ERR,ERR,ERR,False,False,False
2026-09-26 07:26:25,ERR,ERR,ERR,ERR,False,False,False
2026-09-26 07:26:27,ERR,ERR,ERR,ERR,False,False,False
2026-09-26 07:26:29,ERR,ERR,ERR,ERR,False,False,False
2026-09-26 07:26:31,ERR,ERR,ERR,ERR,False,False,False
2026-09-26 07:26:33,ERR,ERR,ERR,ERR,False,False,False
2026-09-26 07:26:35,ERR,ERR,ERR,ERR,False,False,False
2026-09-26 07:26:37,ERR,ERR,ERR,ERR,False,False,False
2026-09-26 07:26:39,ERR,ERR,ERR,ERR,False,False,False
2026-09-26 07:26:41,ERR,ERR,ERR,ERR,False,False,False
2026-09-26 07:26:43,ERR,ERR,ERR,ERR,False,False,False
2026-09-26 07:26:45,ERR,ERR,ERR,ERR,False,False,False
2026-09-26 07:26:47,ERR,ERR,ERR,ERR,False,False,False
2026-09-26 07:26:49,ERR,ERR,ERR,ERR,False,False,False
2026-09-26 07:26:51,ERR,ERR,ERR,ERR,False,False,False
2026-09-26 07:26:53,ERR,ERR,ERR,ERR,False,False,False
2026-09-26 07:26:55,ERR,ERR,ERR,ERR,False,False,False
2026-09-26 07:26:57,ERR,ERR,ERR,ERR,False,False,False
2026-09-26 07:26:59,ERR,ERR,ERR,ERR,False,False,False
2026-09-26 07:27:01,ERR,ERR,ERR,ERR,False,False,False
2026-09-26 07:27:03,ERR,ERR,ERR,ERR,False,False,False
2026-09-26 07:27:05,ERR,ERR,ERR,ERR,False,False,False
2026-09-26 07:27:07,ERR,ERR,ERR,ERR,False,False,False
2026-09-26 07:27:09,ERR,ERR,ERR,ERR,False,False,False
2026-09-26 07:27:11,ERR,ERR,ERR,ERR,False,False,False
2026-09-26 07:27:13,ERR,ERR,ERR,ERR,False,False,False
2026-09-26 07:27:15,ERR,ERR,ERR,ERR,False,False,False
2026-09-26 07:27:17,ERR,ERR,ERR,ERR,False,False,False
2026-09-26 07:27:19,ERR,ERR,ERR,ERR,False,False,False
2026-09-26 07:27:21,ERR,ERR,ERR,ERR,False,False,False
2026-09-26 07:27:23,ERR,ERR,ERR,ERR,False,False,False
2026-09-26 07:27:25,ERR,ERR,ERR,ERR,False,False,False
2026-09-26 07:27:27,ERR,ERR,ERR,ERR,False,False,False
2026-09-26 07:27:29,ERR,ERR,ERR,ERR,False,False,False
2026-09-26 07:27:31,ERR,ERR,ERR,ERR,False,False,False
2026-09-26 07:27:33,ERR,ERR,ERR,ERR,False,False,False
2026-09-26 07:27:35,ERR,ERR,ERR,ERR,False,False,False
2026-09-26 07:27:37,ERR,ERR,ERR,ERR,False,False,False
2026-09-26 07:27:39,ERR,ERR,ERR,ERR,False,False,False
2026-09-26 07:27:41,ERR,ERR,ERR,ERR,False,False,False
2026-09-26 07:27:43,ERR,ERR,ERR,ERR,False,False,False
2026-09-26 07:27:45,ERR,ERR,ERR,ERR,False,False,False
2026-09-26 07:27:47,ERR,ERR,ERR,ERR,False,False,False
2026-09-26 07:27:49,ERR,ERR,ERR,ERR,False,False,False
2026-09-26 07:27:51,ERR,ERR,ERR,ERR,False,False,False
2026-09-26 07:27:53,ERR,ERR,ERR,ERR,False,False,False
2026-09-26 07:27:55,ERR,ERR,ERR,ERR,False,False,False
2026-09-26 07:27:57,ERR,ERR,ERR,ERR,False,False,False
2026-09-26 07:27:59,ERR,ERR,ERR,ERR,False,False,False
2026-09-26 07:28:01,ERR,ERR,ERR,ERR,False,False,False
2026-09-26 07:28:03,ERR,ERR,ERR,ERR,False,False,False
2026-09-26 07:28:05,ERR,ERR,ERR,ERR,False,False,False
2026-09-26 07:28:07,ERR,ERR,ERR,ERR,False,False,False
2026-09-26 07:28:09,ERR,ERR,ERR,ERR,False,False,False
2026-09-26 07:28:11,ERR,ERR,ERR,ERR,False,False,False
2026-09-26 07:28:13,ERR,ERR,ERR,ERR,False,False,False
2026-09-26 07:28:15,ERR,ERR,ERR,ERR,False,False,False
2026-09-26 07:28:17,ERR,ERR,ERR,ERR,False,False,False
2026-09-26 07:28:19,ERR,ERR,ERR,ERR,False,False,False
2026-09-26 07:28:21,ERR,ERR,ERR,ERR,False,False,False
2026-09-26 07:28:23,ERR,ERR,ERR,ERR,False,False,False
2026-09-26 07:28:25,ERR,ERR,ERR,ERR,False,False,False
2026-09-26 07:28:27,ERR,ERR,ERR,ERR,False,False,False
2026-09-26 07:28:29,ERR,ERR,ERR,ERR,False,False,False
2026-09-26 07:28:31,ERR,ERR,ERR,ERR,False,False,False
2026-09-26 07:28:33,ERR,ERR,ERR,ERR,False,False,False
2026-09-26 07:28:35,ERR,ERR,ERR,ERR,False,False,False
2026-09-26 07:28:37,ERR,ERR,ERR,ERR,False,False,False
2026-09-26 07:28:39,ERR,ERR,ERR,ERR,False,False,False
2026-09-26 07:28:41,ERR,ERR,ERR,ERR,False,False,False
2026-09-26 07:28:43,ERR,ERR,ERR,ERR,False,False,False
2026-09-26 07:28:45,ERR,ERR,ERR,ERR,False,False,False
2026-09-26 07:28:47,ERR,ERR,ERR,ERR,False,False,False
2026-09-26 07:28:49,ERR,ERR,ERR,ERR,False,False,False
2026-09-26 07:28:51,ERR,ERR,ERR,ERR,False,False,False
2026-09-26 07:28:53,ERR,ERR,ERR,ERR,False,False,False
2026-09-26 07:28:55,ERR,ERR,ERR,ERR,False,False,False
2026-09-26 07:28:57,ERR,ERR,ERR,ERR,False,False,False
2026-09-26 07:28:59,ERR,ERR,ERR,ERR,False,False,False
2026-09-26 07:29:01,ERR,ERR,ERR,ERR,False,False,False
2026-09-26 07:29:03,ERR,ERR,ERR,ERR,False,False,False
2026-09-26 07:29:05,ERR,ERR,ERR,ERR,False,False,False
2026-09-26 07:29:07,ERR,ERR,ERR,ERR,False,False,False
2026-09-26 07:29:09,ERR,ERR,ERR,ERR,False,False,False
2026-09-26 07:29:11,ERR,ERR,ERR,ERR,False,False,False
2026-09-26 07:29:13,ERR,ERR,ERR,ERR,False,False,False
2026-09-26 07:29:15,ERR,ERR,ERR,ERR,False,False,False
2026-09-26 07:29:17,ERR,ERR,ERR,ERR,False,False,False
2026-09-26 07:29:19,ERR,ERR,ERR,ERR,False,False,False
2026-09-26 07:29:21,ERR,ERR,ERR,ERR,False,False,False
2026-09-26 07:29:23,ERR,ERR,ERR,ERR,False,False,False
2026-09-26 07:29:25,ERR,ERR,ERR,ERR,False,False,False
2026-09-26 07:29:27,ERR,ERR,ERR,ERR,False,False,False
2026-09-26 07:29:29,ERR,ERR,ERR,ERR,False,False,False
2026-09-26 07:29:31,ERR,ERR,ERR,ERR,False,False,False
2026-09-26 07:29:33,ERR,ERR,ERR,ERR,False,False,False
2026-09-26 07:29:35,ERR,ERR,ERR,ERR,False,False,False
2026-09-26 07:29:37,ERR,ERR,ERR,ERR,False,False,False
2026-09-26 07:29:39,ERR,ERR,ERR,ERR,False,False,False
2026-09-26 07:29:41,ERR,ERR,ERR,ERR,False,False,False
2026-09-26 07:29:43,ERR,ERR,ERR,ERR,False,False,False
2026-09-26 07:29:45,ERR,ERR,ERR,ERR,False,False,False
2026-09-26 07:29:47,ERR,ERR,ERR,ERR,False,False,False
2026-09-26 07:29:49,ERR,ERR,ERR,ERR,False,False,False
2026-09-26 07:29:51,ERR,ERR,ERR,ERR,False,False,False
2026-09-26 07:29:53,ERR,ERR,ERR,ERR,False,False,False
2026-09-26 07:29:55,ERR,ERR,ERR,ERR,False,False,False
2026-09-26 07:29:57,ERR,ERR,ERR,ERR,False,False,False
2026-09-26 07:29:59,ERR,ERR,ERR,ERR,False,False,False
2026-09-26 07:30:01,ERR,ERR,ERR,ERR,False,False,False
2026-09-26 07:30:03,ERR,ERR,ERR,ERR,False,False,False
2026-09-26 07:30:05,ERR,ERR,ERR,ERR,False,False,False
2026-09-26 07:30:07,ERR,ERR,ERR,ERR,False,False,False
2026-09-26 07:30:09,ERR,ERR,ERR,ERR,False,False,False
2026-09-26 07:30:11,ERR,ERR,ERR,ERR,False,False,False
2026-09-26 07:30:13,ERR,ERR,ERR,ERR,False,False,False
2026-09-26 07:30:15,ERR,ERR,ERR,ERR,False,False,False
2026-09-26 07:30:17,ERR,ERR,ERR,ERR,False,False,False
2026-09-26 07:30:19,ERR,ERR,ERR,ERR,False,False,False
2026-09-26 07:30:21,ERR,ERR,ERR,ERR,False,False,False
2026-09-26 07:30:23,ERR,ERR,ERR,ERR,False,False,False
2026-09-26 07:30:25,ERR,ERR,ERR,ERR,False,False,False
2026-09-26 07:30:27,ERR,ERR,ERR,ERR,False,False,False
2026-09-26 07:30:29,ERR,ERR,ERR,ERR,False,False,False
2026-09-26 07:30:31,ERR,ERR,ERR,ERR,False,False,False
2026-09-26 07:30:33,ERR,ERR,ERR,ERR,False,False,False
2026-09-26 07:30:35,ERR,ERR,ERR,ERR,False,False,False
2026-09-26 07:30:37,ERR,ERR,ERR,ERR,False,False,False
2026-09-26 07:30:39,ERR,ERR,ERR,ERR,False,False,False
2026-09-26 07:30:41,ERR,ERR,ERR,ERR,False,False,False
2026-09-26 07:30:43,ERR,ERR,ERR,ERR,False,False,False
2026-09-26 07:30:45,ERR,ERR,ERR,ERR,False,False,False
2026-09-26 07:30:47,ERR,ERR,ERR,ERR,False,False,False
2026-09-26 07:30:49,ERR,ERR,ERR,ERR,False,False,False
2026-09-26 07:30:51,ERR,ERR,ERR,ERR,False,False,False
2026-09-26 07:30:53,ERR,ERR,ERR,ERR,False,False,False
2026-09-26 07:30:55,ERR,ERR,ERR,ERR,False,False,False
2026-09-26 07:30:57,ERR,ERR,ERR,ERR,False,False,False
2026-09-26 07:30:59,ERR,ERR,ERR,ERR,False,False,False
2026-09-26 07:31:01,ERR,ERR,ERR,ERR,False,False,False
2026-09-26 07:31:03,ERR,ERR,ERR,ERR,False,False,False
2026-09-26 07:31:05,ERR,ERR,ERR,ERR,False,False,False
2026-09-26 07:31:07,ERR,ERR,ERR,ERR,False,False,False
2026-09-26 07:31:09,ERR,ERR,ERR,ERR,False,False,False
2026-09-26 07:31:11,ERR,ERR,ERR,ERR,False,False,False
2026-09-26 07:31:13,ERR,ERR,ERR,ERR,False,False,False
2026-09-26 07:31:15,ERR,ERR,ERR,ERR,False,False,False
2026-09-26 07:31:17,ERR,ERR,ERR,ERR,False,False,False
2026-09-26 07:31:19,ERR,ERR,ERR,ERR,False,False,False
2026-09-26 07:31:21,ERR,ERR,ERR,ERR,False,False,False
2026-09-26 07:31:23,ERR,ERR,ERR,ERR,False,False,False
2026-09-26 07:31:25,ERR,ERR,ERR,ERR,False,False,False
2026-09-26 07:31:27,ERR,ERR,ERR,ERR,False,False,False
2026-09-26 07:31:29,ERR,ERR,ERR,ERR,False,False,False
2026-09-26 07:31:31,ERR,ERR,ERR,ERR,False,False,False
2026-09-26 07:31:33,ERR,ERR,ERR,ERR,False,False,False
2026-09-26 07:31:35,ERR,ERR,ERR,ERR,False,False,False
2026-09-26 07:31:37,ERR,ERR,ERR,ERR,False,False,False
2026-09-26 07:31:39,ERR,ERR,ERR,ERR,False,False,False
2026-09-26 07:31:41,ERR,ERR,ERR,ERR,False,False,False
2026-09-26 07:31:43,ERR,ERR,ERR,ERR,False,False,False
2026-09-26 07:31:45,ERR,ERR,ERR,ERR,False,False,False
2026-09-26 07:31:47,ERR,ERR,ERR,ERR,False,False,False
2026-09-26 07:31:49,ERR,ERR,ERR,ERR,False,False,False
2026-09-26 07:31:51,ERR,ERR,ERR,ERR,False,False,False
2026-09-26 07:31:53,ERR,ERR,ERR,ERR,False,False,False
2026-09-26 07:31:55,ERR,ERR,ERR,ERR,False,False,False
2026-09-26 07:31:57,ERR,ERR,ERR,ERR,False,False,False
2026-09-26 07:31:59,ERR,ERR,ERR,ERR,False,False,False
2026-09-26 07:32:01,ERR,ERR,ERR,ERR,False,False,False
2026-09-26 07:32:03,ERR,ERR,ERR,ERR,False,False,False
2026-09-26 07:32:05,ERR,ERR,ERR,ERR,False,False,False
2026-09-26 07:32:07,ERR,ERR,ERR,ERR,False,False,False
2026-09-26 07:32:09,ERR,ERR,ERR,ERR,False,False,False
2026-09-26 07:32:11,ERR,ERR,ERR,ERR,False,False,False
2026-09-26 07:32:13,ERR,ERR,ERR,ERR,False,False,False
2026-09-26 07:32:15,ERR,ERR,ERR,ERR,False,False,False
2026-09-26 07:32:17,ERR,ERR,ERR,ERR,False,False,False
2026-09-26 07:32:19,ERR,ERR,ERR,ERR,False,False,False
2026-09-26 07:32:21,ERR,ERR,ERR,ERR,False,False,False
2026-09-26 07:32:23,ERR,ERR,ERR,ERR,False,False,False
2026-09-26 07:32:25,ERR,ERR,ERR,ERR,False,False,False
2026-09-26 07:32:27,ERR,ERR,ERR,ERR,False,False,False
2026-09-26 07:32:29,ERR,ERR,ERR,ERR,False,False,False
2026-09-26 07:32:31,ERR,ERR,ERR,ERR,False,False,False
2026-09-26 07:32:33,ERR,ERR,ERR,ERR,False,False,False
2026-09-26 07:32:35,ERR,ERR,ERR,ERR,False,False,False
2026-09-26 07:32:37,ERR,ERR,ERR,ERR,False,False,False
2026-09-26 07:32:39,ERR,ERR,ERR,ERR,False,False,False
2026-09-26 07:32:41,ERR,ERR,ERR,ERR,False,False,False
2026-09-26 07:32:43,ERR,ERR,ERR,ERR,False,False,False
2026-09-26 07:32:45,ERR,ERR,ERR,ERR,False,False,False
2026-09-26 07:32:47,ERR,ERR,ERR,ERR,False,False,False
2026-09-26 07:32:49,ERR,ERR,ERR,ERR,False,False,False
2026-09-26 07:32:51,ERR,ERR,ERR,ERR,False,False,False
2026-09-26 07:32:53,ERR,ERR,ERR,ERR,False,False,False
2026-09-26 07:32:55,ERR,ERR,ERR,ERR,False,False,False
2026-09-26 07:32:57,ERR,ERR,ERR,ERR,False,False,False
2026-09-26 07:32:59,ERR,ERR,ERR,ERR,False,False,False
2026-09-26 07:33:01,ERR,ERR,ERR,ERR,False,False,False
2026-09-26 07:33:03,ERR,ERR,ERR,ERR,False,False,False
2026-09-26 07:33:05,ERR,ERR,ERR,ERR,False,False,False
2026-09-26 07:33:07,ERR,ERR,ERR,ERR,False,False,False
2026-09-26 07:33:09,ERR,ERR,ERR,ERR,False,False,False
2026-09-26 07:33:11,ERR,ERR,ERR,ERR,False,False,False
2026-09-26 07:33:13,ERR,ERR,ERR,ERR,False,False,False
2026-09-26 07:33:15,ERR,ERR,ERR,ERR,False,False,False
2026-09-26 07:33:17,ERR,ERR,ERR,ERR,False,False,False
2026-09-26 07:33:19,ERR,ERR,ERR,ERR,False,False,False
2026-09-26 07:33:21,ERR,ERR,ERR,ERR,False,False,False
2026-09-26 07:33:23,ERR,ERR,ERR,ERR,False,False,False
2026-09-26 07:33:25,ERR,ERR,ERR,ERR,False,False,False
2026-09-26 07:33:27,ERR,ERR,ERR,ERR,False,False,False
2026-09-26 07:33:29,ERR,ERR,ERR,ERR,False,False,False
2026-09-26 07:33:31,ERR,ERR,ERR,ERR,False,False,False
2026-09-26 07:33:33,ERR,ERR,ERR,ERR,False,False,False
2026-09-26 07:33:35,ERR,ERR,ERR,ERR,False,False,False
2026-09-26 07:33:37,ERR,ERR,ERR,ERR,False,False,False
2026-09-26 07:33:39,ERR,ERR,ERR,ERR,False,False,False
2026-09-26 07:33:41,ERR,ERR,ERR,ERR,False,False,False
2026-09-26 07:33:43,ERR,ERR,ERR,ERR,False,False,False
2026-09-26 07:33:45,ERR,ERR,ERR,ERR,False,False,False
2026-09-26 07:33:47,ERR,ERR,ERR,ERR,False,False,False
2026-09-26 07:33:49,ERR,ERR,ERR,ERR,False,False,False
2026-09-26 07:33:51,ERR,ERR,ERR,ERR,False,False,False
2026-09-26 07:33:53,ERR,ERR,ERR,ERR,False,False,False
2026-09-26 07:33:55,ERR,ERR,ERR,ERR,False,False,False
2026-09-26 07:33:57,ERR,ERR,ERR,ERR,False,False,False
2026-09-26 07:33:59,ERR,ERR,ERR,ERR,False,False,False
2026-09-26 07:34:01,ERR,ERR,ERR,ERR,False,False,False
2026-09-26 07:34:03,ERR,ERR,ERR,ERR,False,False,False
2026-09-26 07:34:05,ERR,ERR,ERR,ERR,False,False,False
2026-09-26 07:34:07,ERR,ERR,ERR,ERR,False,False,False
2026-09-26 07:34:09,ERR,ERR,ERR,ERR,False,False,False
2026-09-26 07:34:11,ERR,ERR,ERR,ERR,False,False,False
2026-09-26 07:34:13,ERR,ERR,ERR,ERR,False,False,False
2026-09-26 07:34:16,ERR,ERR,ERR,ERR,False,False,False
2026-09-26 07:34:18,ERR,ERR,ERR,ERR,False,False,False
2026-09-26 07:34:20,ERR,ERR,ERR,ERR,False,False,False
2026-09-26 07:34:22,ERR,ERR,ERR,ERR,False,False,False
2026-09-26 07:34:24,ERR,ERR,ERR,ERR,False,False,False
2026-09-26 07:34:26,ERR,ERR,ERR,ERR,False,False,False
2026-09-26 07:34:28,ERR,ERR,ERR,ERR,False,False,False
2026-09-26 07:34:30,ERR,ERR,ERR,ERR,False,False,False
2026-09-26 07:34:32,ERR,ERR,ERR,ERR,False,False,False
2026-09-26 07:34:34,ERR,ERR,ERR,ERR,False,False,False
2026-09-26 07:34:36,ERR,ERR,ERR,ERR,False,False,False
2026-09-26 07:34:38,ERR,ERR,ERR,ERR,False,False,False
2026-09-26 07:34:40,ERR,ERR,ERR,ERR,False,False,False
2026-09-26 07:34:42,ERR,ERR,ERR,ERR,False,False,False
2026-09-26 07:34:44,ERR,ERR,ERR,ERR,False,False,False
2026-09-26 07:34:46,ERR,ERR,ERR,ERR,False,False,False
2026-09-26 07:34:48,ERR,ERR,ERR,ERR,False,False,False
2026-09-26 07:34:50,ERR,ERR,ERR,ERR,False,False,False
2026-09-26 07:34:52,ERR,ERR,ERR,ERR,False,False,False
2026-09-26 07:34:54,ERR,ERR,ERR,ERR,False,False,False
2026-09-26 07:34:56,ERR,ERR,ERR,ERR,False,False,False
2026-09-26 07:34:58,ERR,ERR,ERR,ERR,False,False,False
2026-09-26 07:35:00,ERR,ERR,ERR,ERR,False,False,False
2026-09-26 07:35:02,ERR,ERR,ERR,ERR,False,False,False
2026-09-26 07:35:04,ERR,ERR,ERR,ERR,False,False,False
2026-09-26 07:35:06,ERR,ERR,ERR,ERR,False,False,False
2026-09-26 07:35:08,ERR,ERR,ERR,ERR,False,False,False
2026-09-26 07:35:10,ERR,ERR,ERR,ERR,False,False,False
2026-09-26 07:35:12,ERR,ERR,ERR,ERR,False,False,False
2026-09-26 07:35:14,ERR,ERR,ERR,ERR,False,False,False
2026-09-26 07:35:16,ERR,ERR,ERR,ERR,False,False,False
2026-09-26 07:35:18,ERR,ERR,ERR,ERR,False,False,False
2026-09-26 07:35:20,ERR,ERR,ERR,ERR,False,False,False
2026-09-26 07:35:22,ERR,ERR,ERR,ERR,False,False,False
2026-09-26 07:35:24,ERR,ERR,ERR,ERR,False,False,False
2026-09-26 07:35:26,ERR,ERR,ERR,ERR,False,False,False
2026-09-26 07:35:28,ERR,ERR,ERR,ERR,False,False,False
2026-09-26 07:35:30,ERR,ERR,ERR,ERR,False,False,False
2026-09-26 07:35:32,ERR,ERR,ERR,ERR,False,False,False
2026-09-26 07:35:34,ERR,ERR,ERR,ERR,False,False,False
2026-09-26 07:35:36,ERR,ERR,ERR,ERR,False,False,False
2026-09-26 07:35:38,ERR,ERR,ERR,ERR,False,False,False
2026-09-26 07:35:40,ERR,ERR,ERR,ERR,False,False,False
2026-09-26 07:35:42,ERR,ERR,ERR,ERR,False,False,False
2026-09-26 07:35:44,ERR,ERR,ERR,ERR,False,False,False
2026-09-26 07:35:46,ERR,ERR,ERR,ERR,False,False,False
2026-09-26 07:35:48,ERR,ERR,ERR,ERR,False,False,False
2026-09-26 07:35:50,ERR,ERR,ERR,ERR,False,False,False
2026-09-26 07:35:52,ERR,ERR,ERR,ERR,False,False,False
2026-09-26 07:35:54,ERR,ERR,ERR,ERR,False,False,False
2026-09-26 07:35:56,ERR,ERR,ERR,ERR,False,False,False
2026-09-26 07:35:58,ERR,ERR,ERR,ERR,False,False,False
2026-09-26 07:36:00,ERR,ERR,ERR,ERR,False,False,False
2026-09-26 07:36:02,ERR,ERR,ERR,ERR,False,False,False
2026-09-26 07:36:04,ERR,ERR,ERR,ERR,False,False,False
2026-09-26 07:36:06,ERR,ERR,ERR,ERR,False,False,False
2026-09-26 07:36:08,ERR,ERR,ERR,ERR,False,False,False
2026-09-26 07:36:10,ERR,ERR,ERR,ERR,False,False,False
2026-09-26 07:36:12,ERR,ERR,ERR,ERR,False,False,False
2026-09-26 07:36:14,ERR,ERR,ERR,ERR,False,False,False
2026-09-26 07:36:16,ERR,ERR,ERR,ERR,False,False,False
2026-09-26 07:36:18,ERR,ERR,ERR,ERR,False,False,False
2026-09-26 07:36:20,ERR,ERR,ERR,ERR,False,False,False
2026-09-26 07:36:22,ERR,ERR,ERR,ERR,False,False,False
2026-09-26 07:36:24,ERR,ERR,ERR,ERR,False,False,False
2026-09-26 07:36:26,ERR,ERR,ERR,ERR,False,False,False
2026-09-26 07:36:28,ERR,ERR,ERR,ERR,False,False,False
2026-09-26 07:36:30,ERR,ERR,ERR,ERR,False,False,False
2026-09-26 07:36:32,ERR,ERR,ERR,ERR,False,False,False
2026-09-26 07:36:34,ERR,ERR,ERR,ERR,False,False,False
2026-09-26 07:36:36,ERR,ERR,ERR,ERR,False,False,False
2026-09-26 07:36:38,ERR,ERR,ERR,ERR,False,False,False
2026-09-26 07:36:40,ERR,ERR,ERR,ERR,False,False,False
2026-09-26 07:36:42,ERR,ERR,ERR,ERR,False,False,False
2026-09-26 07:36:44,ERR,ERR,ERR,ERR,False,False,False
2026-09-26 07:36:46,ERR,ERR,ERR,ERR,False,False,False
2026-09-26 07:36:48,ERR,ERR,ERR,ERR,False,False,False
2026-09-26 07:36:50,ERR,ERR,ERR,ERR,False,False,False
2026-09-26 07:36:52,ERR,ERR,ERR,ERR,False,False,False
2026-09-26 07:36:54,ERR,ERR,ERR,ERR,False,False,False
2026-09-26 07:36:56,ERR,ERR,ERR,ERR,False,False,False
2026-09-26 07:36:58,ERR,ERR,ERR,ERR,False,False,False
2026-09-26 07:37:00,ERR,ERR,ERR,ERR,False,False,False
2026-09-26 07:37:02,ERR,ERR,ERR,ERR,False,False,False
2026-09-26 07:37:04,ERR,ERR,ERR,ERR,False,False,False
2026-09-26 07:37:06,ERR,ERR,ERR,ERR,False,False,False
2026-09-26 07:37:08,ERR,ERR,ERR,ERR,False,False,False
2026-09-26 07:37:10,ERR,ERR,ERR,ERR,False,False,False
2026-09-26 07:37:12,ERR,ERR,ERR,ERR,False,False,False
2026-09-26 07:37:14,ERR,ERR,ERR,ERR,False,False,False
2026-09-26 07:37:16,ERR,ERR,ERR,ERR,False,False,False
2026-09-26 07:37:18,ERR,ERR,ERR,ERR,False,False,False
2026-09-26 07:37:20,ERR,ERR,ERR,ERR,False,False,False
2026-09-26 07:37:22,ERR,ERR,ERR,ERR,False,False,False
2026-09-26 07:37:24,ERR,ERR,ERR,ERR,False,False,False
2026-09-26 07:37:26,ERR,ERR,ERR,ERR,False,False,False
2026-09-26 07:37:28,ERR,ERR,ERR,ERR,False,False,False
2026-09-26 07:37:30,ERR,ERR,ERR,ERR,False,False,False
2026-09-26 07:37:32,ERR,ERR,ERR,ERR,False,False,False
2026-09-26 07:37:34,ERR,ERR,ERR,ERR,False,False,False
2026-09-26 07:37:36,ERR,ERR,ERR,ERR,False,False,False
2026-09-26 07:37:38,ERR,ERR,ERR,ERR,False,False,False
2026-09-26 07:37:40,ERR,ERR,ERR,ERR,False,False,False
2026-09-26 07:37:42,ERR,ERR,ERR,ERR,False,False,False
2026-09-26 07:37:44,ERR,ERR,ERR,ERR,False,False,False
2026-09-26 07:37:46,ERR,ERR,ERR,ERR,False,False,False
2026-09-26 07:37:48,ERR,ERR,ERR,ERR,False,False,False
2026-09-26 07:37:50,ERR,ERR,ERR,ERR,False,False,False
2026-09-26 07:37:52,ERR,ERR,ERR,ERR,False,False,False
2026-09-26 07:37:54,ERR,ERR,ERR,ERR,False,False,False
2026-09-26 07:37:56,ERR,ERR,ERR,ERR,False,False,False
2026-09-26 07:37:58,ERR,ERR,ERR,ERR,False,False,False
2026-09-26 07:38:00,ERR,ERR,ERR,ERR,False,False,False
2026-09-26 07:38:02,ERR,ERR,ERR,ERR,False,False,False
2026-09-26 07:38:04,ERR,ERR,ERR,ERR,False,False,False
2026-09-26 07:38:06,ERR,ERR,ERR,ERR,False,False,False
2026-09-26 07:38:08,ERR,ERR,ERR,ERR,False,False,False
2026-09-26 07:38:10,ERR,ERR,ERR,ERR,False,False,False
2026-09-26 07:38:12,ERR,ERR,ERR,ERR,False,False,False
2026-09-26 07:38:14,ERR,ERR,ERR,ERR,False,False,False
2026-09-26 07:38:16,ERR,ERR,ERR,ERR,False,False,False
2026-09-26 07:38:18,ERR,ERR,ERR,ERR,False,False,False
2026-09-26 07:38:20,ERR,ERR,ERR,ERR,False,False,False
2026-09-26 07:38:22,ERR,ERR,ERR,ERR,False,False,False
2026-09-26 07:38:24,ERR,ERR,ERR,ERR,False,False,False
2026-09-26 07:38:26,ERR,ERR,ERR,ERR,False,False,False
2026-09-26 07:38:28,ERR,ERR,ERR,ERR,False,False,False
2026-09-26 07:38:30,ERR,ERR,ERR,ERR,False,False,False
2026-09-26 07:38:32,ERR,ERR,ERR,ERR,False,False,False
2026-09-26 07:38:34,ERR,ERR,ERR,ERR,False,False,False
2026-09-26 07:38:36,ERR,ERR,ERR,ERR,False,False,False
2026-09-26 07:38:38,ERR,ERR,ERR,ERR,False,False,False
2026-09-26 07:38:40,ERR,ERR,ERR,ERR,False,False,False
2026-09-26 07:38:42,ERR,ERR,ERR,ERR,False,False,False
2026-09-26 07:38:44,ERR,ERR,ERR,ERR,False,False,False
2026-09-26 07:38:46,ERR,ERR,ERR,ERR,False,False,False
2026-09-26 07:38:48,ERR,ERR,ERR,ERR,False,False,False
2026-09-26 07:38:50,ERR,ERR,ERR,ERR,False,False,False
2026-09-26 07:38:52,ERR,ERR,ERR,ERR,False,False,False
2026-09-26 07:38:54,ERR,ERR,ERR,ERR,False,False,False
2026-09-26 07:38:56,ERR,ERR,ERR,ERR,False,False,False
2026-09-26 07:38:58,ERR,ERR,ERR,ERR,False,False,False
2026-09-26 07:39:00,ERR,ERR,ERR,ERR,False,False,False
2026-09-26 07:39:02,ERR,ERR,ERR,ERR,False,False,False
2026-09-26 07:39:04,ERR,ERR,ERR,ERR,False,False,False
2026-09-26 07:39:06,ERR,ERR,ERR,ERR,False,False,False
2026-09-26 07:39:08,ERR,ERR,ERR,ERR,False,False,False
2026-09-26 07:39:10,ERR,ERR,ERR,ERR,False,False,False
2026-09-26 07:39:12,ERR,ERR,ERR,ERR,False,False,False
2026-09-26 07:39:14,ERR,ERR,ERR,ERR,False,False,False
2026-09-26 07:39:16,ERR,ERR,ERR,ERR,False,False,False
2026-09-26 07:39:18,ERR,ERR,ERR,ERR,False,False,False
2026-09-26 07:39:20,ERR,ERR,ERR,ERR,False,False,False
2026-09-26 07:39:22,ERR,ERR,ERR,ERR,False,False,False
2026-09-26 07:39:24,ERR,ERR,ERR,ERR,False,False,False
2026-09-26 07:39:26,ERR,ERR,ERR,ERR,False,False,False
2026-09-26 07:39:28,ERR,ERR,ERR,ERR,False,False,False
2026-09-26 07:39:36,ERR,ERR,ERR,ERR,False,False,False
2026-09-26 07:39:38,ERR,ERR,ERR,ERR,False,False,False
2026-09-26 07:39:40,ERR,ERR,ERR,ERR,False,False,False
2026-09-26 07:39:42,ERR,ERR,ERR,ERR,False,False,False
2026-09-26 07:39:44,ERR,ERR,ERR,ERR,False,False,False
2026-09-26 07:39:46,ERR,ERR,ERR,ERR,False,False,False
2026-09-26 07:39:48,ERR,ERR,ERR,ERR,False,False,False
2026-09-26 07:39:50,ERR,ERR,ERR,ERR,False,False,False
2026-09-26 07:39:52,ERR,ERR,ERR,ERR,False,False,False
2026-09-26 07:39:54,ERR,ERR,ERR,ERR,False,False,False
2026-09-26 07:39:56,ERR,ERR,ERR,ERR,False,False,False
2026-09-26 07:39:58,ERR,ERR,ERR,ERR,False,False,False
2026-09-26 07:40:00,ERR,ERR,ERR,ERR,False,False,False
2026-09-26 07:40:02,ERR,ERR,ERR,ERR,False,False,False
2026-09-26 07:40:04,ERR,ERR,ERR,ERR,False,False,False
2026-09-26 07:40:06,ERR,ERR,ERR,ERR,False,False,False
2026-09-26 07:40:08,ERR,ERR,ERR,ERR,False,False,False
2026-09-26 07:40:10,ERR,ERR,ERR,ERR,False,False,False
2026-09-26 07:40:12,ERR,ERR,ERR,ERR,False,False,False
2026-09-26 07:40:14,ERR,ERR,ERR,ERR,False,False,False
2026-09-26 07:40:16,ERR,ERR,ERR,ERR,False,False,False
2026-09-26 07:40:18,ERR,ERR,ERR,ERR,False,False,False
2026-09-26 07:40:20,ERR,ERR,ERR,ERR,False,False,False
2026-09-26 07:40:22,ERR,ERR,ERR,ERR,False,False,False
2026-09-26 07:40:24,ERR,ERR,ERR,ERR,False,False,False
2026-09-26 07:40:26,ERR,ERR,ERR,ERR,False,False,False
2026-09-26 07:40:28,ERR,ERR,ERR,ERR,False,False,False
2026-09-26 07:40:30,ERR,ERR,ERR,ERR,False,False,False
2026-09-26 07:40:32,ERR,ERR,ERR,ERR,False,False,False
2026-09-26 07:40:34,ERR,ERR,ERR,ERR,False,False,False
2026-09-26 07:40:36,ERR,ERR,ERR,ERR,False,False,False
2026-09-26 07:40:38,ERR,ERR,ERR,ERR,False,False,False
2026-09-26 07:40:40,ERR,ERR,ERR,ERR,False,False,False
2026-09-26 07:40:42,ERR,ERR,ERR,ERR,False,False,False
2026-09-26 07:40:44,ERR,ERR,ERR,ERR,False,False,False
2026-09-26 07:40:46,ERR,ERR,ERR,ERR,False,False,False
2026-09-26 07:40:48,ERR,ERR,ERR,ERR,False,False,False
2026-09-26 07:40:50,ERR,ERR,ERR,ERR,False,False,False
2026-09-26 07:40:52,ERR,ERR,ERR,ERR,False,False,False
2026-09-26 07:40:54,ERR,ERR,ERR,ERR,False,False,False
2026-09-26 07:40:56,ERR,ERR,ERR,ERR,False,False,False
2026-09-26 07:40:58,ERR,ERR,ERR,ERR,False,False,False
2026-09-26 07:41:00,ERR,ERR,ERR,ERR,False,False,False
2026-09-26 07:41:02,ERR,ERR,ERR,ERR,False,False,False
2026-09-26 07:41:04,ERR,ERR,ERR,ERR,False,False,False
2026-09-26 07:41:06,ERR,ERR,ERR,ERR,False,False,False
2026-09-26 07:41:08,ERR,ERR,ERR,ERR,False,False,False
2026-09-26 07:41:11,ERR,ERR,ERR,ERR,False,False,False
2026-09-26 07:41:17,ERR,ERR,ERR,ERR,False,False,False
2026-09-26 07:41:19,ERR,ERR,ERR,ERR,False,False,False
2026-09-26 07:41:21,ERR,ERR,ERR,ERR,False,False,False
2026-09-26 07:41:23,ERR,ERR,ERR,ERR,False,False,False
2026-09-26 07:41:25,ERR,ERR,ERR,ERR,False,False,False
2026-09-26 07:41:27,ERR,ERR,ERR,ERR,False,False,False
2026-09-26 07:41:29,ERR,ERR,ERR,ERR,False,False,False
2026-09-26 07:41:31,ERR,ERR,ERR,ERR,False,False,False
2026-09-26 07:41:33,ERR,ERR,ERR,ERR,False,False,False
2026-09-26 07:41:35,ERR,ERR,ERR,ERR,False,False,False
2026-09-26 07:41:37,ERR,ERR,ERR,ERR,False,False,False
2026-09-26 07:41:39,ERR,ERR,ERR,ERR,False,False,False
2026-09-26 07:41:41,ERR,ERR,ERR,ERR,False,False,False
2026-09-26 07:41:43,ERR,ERR,ERR,ERR,False,False,False
2026-09-26 07:41:45,ERR,ERR,ERR,ERR,False,False,False
2026-09-26 07:41:47,ERR,ERR,ERR,ERR,False,False,False
2026-09-26 07:41:49,ERR,ERR,ERR,ERR,False,False,False
2026-09-26 07:41:51,ERR,ERR,ERR,ERR,False,False,False
2026-09-26 07:41:53,ERR,ERR,ERR,ERR,False,False,False
2026-09-26 07:41:55,ERR,ERR,ERR,ERR,False,False,False
2026-09-26 07:41:57,ERR,ERR,ERR,ERR,False,False,False
2026-09-26 07:41:59,ERR,ERR,ERR,ERR,False,False,False
2026-09-26 07:42:01,ERR,ERR,ERR,ERR,False,False,False
2026-09-26 07:42:03,ERR,ERR,ERR,ERR,False,False,False
2026-09-26 07:42:05,ERR,ERR,ERR,ERR,False,False,False
2026-09-26 07:42:07,ERR,ERR,ERR,ERR,False,False,False
2026-09-26 07:42:09,ERR,ERR,ERR,ERR,False,False,False
2026-09-26 07:42:11,ERR,ERR,ERR,ERR,False,False,False
2026-09-26 07:42:13,ERR,ERR,ERR,ERR,False,False,False
2026-09-26 07:42:15,ERR,ERR,ERR,ERR,False,False,False
2026-09-26 07:42:17,ERR,ERR,ERR,ERR,False,False,False
2026-09-26 07:42:19,ERR,ERR,ERR,ERR,False,False,False
2026-09-26 07:42:21,ERR,ERR,ERR,ERR,False,False,False
2026-09-26 07:42:23,ERR,ERR,ERR,ERR,False,False,False
2026-09-26 07:42:25,ERR,ERR,ERR,ERR,False,False,False
2026-09-26 07:42:27,ERR,ERR,ERR,ERR,False,False,False
2026-09-26 07:42:29,ERR,ERR,ERR,ERR,False,False,False
2026-09-26 07:42:31,ERR,ERR,ERR,ERR,False,False,False
2026-09-26 07:42:33,ERR,ERR,ERR,ERR,False,False,False
2026-09-26 07:42:35,ERR,ERR,ERR,ERR,False,False,False
2026-09-26 07:42:37,ERR,ERR,ERR,ERR,False,False,False
2026-09-26 07:42:39,ERR,ERR,ERR,ERR,False,False,False
2026-09-26 07:42:41,ERR,ERR,ERR,ERR,False,False,False
2026-09-26 07:42:43,ERR,ERR,ERR,ERR,False,False,False
2026-09-26 07:42:45,ERR,ERR,ERR,ERR,False,False,False
2026-09-26 07:42:47,ERR,ERR,ERR,ERR,False,False,False
2026-09-26 07:42:49,ERR,ERR,ERR,ERR,False,False,False
2026-09-26 07:42:51,ERR,ERR,ERR,ERR,False,False,False
2026-09-26 07:42:53,ERR,ERR,ERR,ERR,False,False,False
2026-09-26 07:42:55,ERR,ERR,ERR,ERR,False,False,False
2026-09-26 07:42:57,ERR,ERR,ERR,ERR,False,False,False
2026-09-26 07:42:59,ERR,ERR,ERR,ERR,False,False,False
2026-09-26 07:43:01,ERR,ERR,ERR,ERR,False,False,False
2026-09-26 07:43:03,ERR,ERR,ERR,ERR,False,False,False
2026-09-26 07:43:05,ERR,ERR,ERR,ERR,False,False,False
2026-09-26 07:43:07,ERR,ERR,ERR,ERR,False,False,False
2026-09-26 07:43:09,ERR,ERR,ERR,ERR,False,False,False
2026-09-26 07:43:11,ERR,ERR,ERR,ERR,False,False,False
2026-09-26 07:43:13,ERR,ERR,ERR,ERR,False,False,False
2026-09-26 07:43:15,ERR,ERR,ERR,ERR,False,False,False
2026-09-26 07:43:17,ERR,ERR,ERR,ERR,False,False,False
2026-09-26 07:43:19,ERR,ERR,ERR,ERR,False,False,False
2026-09-26 07:43:21,ERR,ERR,ERR,ERR,False,False,False
2026-09-26 07:43:23,ERR,ERR,ERR,ERR,False,False,False
2026-09-26 07:43:25,ERR,ERR,ERR,ERR,False,False,False
2026-09-26 07:43:27,ERR,ERR,ERR,ERR,False,False,False
2026-09-26 07:43:29,ERR,ERR,ERR,ERR,False,False,False
2026-09-26 07:43:31,ERR,ERR,ERR,ERR,False,False,False
2026-09-26 07:43:33,ERR,ERR,ERR,ERR,False,False,False
2026-09-26 07:43:35,ERR,ERR,ERR,ERR,False,False,False
2026-09-26 07:43:37,ERR,ERR,ERR,ERR,False,False,False
2026-09-26 07:43:39,ERR,ERR,ERR,ERR,False,False,False
2026-09-26 07:43:41,ERR,ERR,ERR,ERR,False,False,False
2026-09-26 07:43:43,ERR,ERR,ERR,ERR,False,False,False
2026-09-26 07:43:45,ERR,ERR,ERR,ERR,False,False,False
2026-09-26 07:43:47,ERR,ERR,ERR,ERR,False,False,False
2026-09-26 07:43:49,ERR,ERR,ERR,ERR,False,False,False
2026-09-26 07:43:51,ERR,ERR,ERR,ERR,False,False,False
2026-09-26 07:43:53,ERR,ERR,ERR,ERR,False,False,False
2026-09-26 07:43:55,ERR,ERR,ERR,ERR,False,False,False
2026-09-26 07:43:57,ERR,ERR,ERR,ERR,False,False,False
2026-09-26 07:43:59,ERR,ERR,ERR,ERR,False,False,False
2026-09-26 07:44:01,ERR,ERR,ERR,ERR,False,False,False
2026-09-26 07:44:03,ERR,ERR,ERR,ERR,False,False,False
2026-09-26 07:44:05,ERR,ERR,ERR,ERR,False,False,False
2026-09-26 07:44:07,ERR,ERR,ERR,ERR,False,False,False
2026-09-26 07:44:09,ERR,ERR,ERR,ERR,False,False,False
2026-09-26 07:44:11,ERR,ERR,ERR,ERR,False,False,False
2026-09-26 07:44:13,ERR,ERR,ERR,ERR,False,False,False
2026-09-26 07:44:15,ERR,ERR,ERR,ERR,False,False,False
2026-09-26 07:44:17,ERR,ERR,ERR,ERR,False,False,False
2026-09-26 07:44:19,ERR,ERR,ERR,ERR,False,False,False
2026-09-26 07:44:21,ERR,ERR,ERR,ERR,False,False,False
2026-09-26 07:44:23,ERR,ERR,ERR,ERR,False,False,False
2026-09-26 07:44:25,ERR,ERR,ERR,ERR,False,False,False
2026-09-26 07:44:27,ERR,ERR,ERR,ERR,False,False,False
2026-09-26 07:44:29,ERR,ERR,ERR,ERR,False,False,False
2026-09-26 07:44:31,ERR,ERR,ERR,ERR,False,False,False
2026-09-26 07:44:33,ERR,ERR,ERR,ERR,False,False,False
2026-09-26 07:44:35,ERR,ERR,ERR,ERR,False,False,False
2026-09-26 07:44:37,ERR,ERR,ERR,ERR,False,False,False
2026-09-26 07:44:39,ERR,ERR,ERR,ERR,False,False,False
2026-09-26 07:44:41,ERR,ERR,ERR,ERR,False,False,False
2026-09-26 07:44:43,ERR,ERR,ERR,ERR,False,False,False
2026-09-26 07:44:45,ERR,ERR,ERR,ERR,False,False,False
2026-09-26 07:44:47,ERR,ERR,ERR,ERR,False,False,False
2026-09-26 07:44:49,ERR,ERR,ERR,ERR,False,False,False
2026-09-26 07:44:51,ERR,ERR,ERR,ERR,False,False,False
2026-09-26 07:44:53,ERR,ERR,ERR,ERR,False,False,False
2026-09-26 07:44:55,ERR,ERR,ERR,ERR,False,False,False
2026-09-26 07:44:57,ERR,ERR,ERR,ERR,False,False,False
2026-09-26 07:44:59,ERR,ERR,ERR,ERR,False,False,False
2026-09-26 07:45:01,ERR,ERR,ERR,ERR,False,False,False
2026-09-26 07:45:03,ERR,ERR,ERR,ERR,False,False,False
2026-09-26 07:45:05,ERR,ERR,ERR,ERR,False,False,False
2026-09-26 07:45:07,ERR,ERR,ERR,ERR,False,False,False
2026-09-26 07:45:09,ERR,ERR,ERR,ERR,False,False,False
2026-09-26 07:45:11,ERR,ERR,ERR,ERR,False,False,False
2026-09-26 07:45:13,ERR,ERR,ERR,ERR,False,False,False
2026-09-26 07:45:15,ERR,ERR,ERR,ERR,False,False,False
2026-09-26 07:45:17,ERR,ERR,ERR,ERR,False,False,False
2026-09-26 07:45:19,ERR,ERR,ERR,ERR,False,False,False
2026-09-26 07:45:21,ERR,ERR,ERR,ERR,False,False,False
2026-09-26 07:45:23,ERR,ERR,ERR,ERR,False,False,False
2026-09-26 07:45:25,ERR,ERR,ERR,ERR,False,False,False
2026-09-26 07:45:27,ERR,ERR,ERR,ERR,False,False,False
2026-09-26 07:45:29,ERR,ERR,ERR,ERR,False,False,False
2026-09-26 07:45:31,ERR,ERR,ERR,ERR,False,False,False
2026-09-26 07:45:33,ERR,ERR,ERR,ERR,False,False,False
2026-09-26 07:45:35,ERR,ERR,ERR,ERR,False,False,False
2026-09-26 07:45:37,ERR,ERR,ERR,ERR,False,False,False
2026-09-26 07:45:39,ERR,ERR,ERR,ERR,False,False,False
2026-09-26 07:45:41,ERR,ERR,ERR,ERR,False,False,False
2026-09-26 07:45:43,ERR,ERR,ERR,ERR,False,False,False
2026-09-26 07:45:45,ERR,ERR,ERR,ERR,False,False,False
2026-09-26 07:45:47,ERR,ERR,ERR,ERR,False,False,False
2026-09-26 07:45:49,ERR,ERR,ERR,ERR,False,False,False
2026-09-26 07:45:51,ERR,ERR,ERR,ERR,False,False,False
2026-09-26 07:45:53,ERR,ERR,ERR,ERR,False,False,False
2026-09-26 07:45:55,ERR,ERR,ERR,ERR,False,False,False
2026-09-26 07:45:57,ERR,ERR,ERR,ERR,False,False,False
2026-09-26 07:45:59,ERR,ERR,ERR,ERR,False,False,False
2026-09-26 07:46:01,ERR,ERR,ERR,ERR,False,False,False
2026-09-26 07:46:03,ERR,ERR,ERR,ERR,False,False,False
2026-09-26 07:46:05,ERR,ERR,ERR,ERR,False,False,False
2026-09-26 07:46:07,ERR,ERR,ERR,ERR,False,False,False
2026-09-26 07:46:09,ERR,ERR,ERR,ERR,False,False,False
2026-09-26 07:46:11,ERR,ERR,ERR,ERR,False,False,False
2026-09-26 07:46:13,ERR,ERR,ERR,ERR,False,False,False
2026-09-26 07:46:15,ERR,ERR,ERR,ERR,False,False,False
2026-09-26 07:46:17,ERR,ERR,ERR,ERR,False,False,False
2026-09-26 07:46:19,ERR,ERR,ERR,ERR,False,False,False
2026-09-26 07:46:21,ERR,ERR,ERR,ERR,False,False,False
2026-09-26 07:46:23,ERR,ERR,ERR,ERR,False,False,False
2026-09-26 07:46:25,ERR,ERR,ERR,ERR,False,False,False
2026-09-26 07:46:27,ERR,ERR,ERR,ERR,False,False,False
2026-09-26 07:46:29,ERR,ERR,ERR,ERR,False,False,False
2026-09-26 07:46:31,ERR,ERR,ERR,ERR,False,False,False
2026-09-26 07:46:33,ERR,ERR,ERR,ERR,False,False,False
2026-09-26 07:46:35,ERR,ERR,ERR,ERR,False,False,False
2026-09-26 07:46:37,ERR,ERR,ERR,ERR,False,False,False
2026-09-26 07:46:39,ERR,ERR,ERR,ERR,False,False,False
2026-09-26 07:46:41,ERR,ERR,ERR,ERR,False,False,False
2026-09-26 07:46:43,ERR,ERR,ERR,ERR,False,False,False
2026-09-26 07:46:45,ERR,ERR,ERR,ERR,False,False,False
2026-09-26 07:46:47,ERR,ERR,ERR,ERR,False,False,False
2026-09-26 07:46:49,ERR,ERR,ERR,ERR,False,False,False
2026-09-26 07:46:51,ERR,ERR,ERR,ERR,False,False,False
2026-09-26 07:46:53,ERR,ERR,ERR,ERR,False,False,False
2026-09-26 07:46:55,ERR,ERR,ERR,ERR,False,False,False
2026-09-26 07:46:57,ERR,ERR,ERR,ERR,False,False,False
2026-09-26 07:46:59,ERR,ERR,ERR,ERR,False,False,False
2026-09-26 07:47:01,ERR,ERR,ERR,ERR,False,False,False
2026-09-26 07:47:03,ERR,ERR,ERR,ERR,False,False,False
2026-09-26 07:47:05,ERR,ERR,ERR,ERR,False,False,False
2026-09-26 07:47:07,ERR,ERR,ERR,ERR,False,False,False
2026-09-26 07:47:09,ERR,ERR,ERR,ERR,False,False,False
2026-09-26 07:47:11,ERR,ERR,ERR,ERR,False,False,False
2026-09-26 07:47:13,ERR,ERR,ERR,ERR,False,False,False
2026-09-26 07:47:15,ERR,ERR,ERR,ERR,False,False,False
2026-09-26 07:47:17,ERR,ERR,ERR,ERR,False,False,False
2026-09-26 07:47:19,ERR,ERR,ERR,ERR,False,False,False
2026-09-26 07:47:21,ERR,ERR,ERR,ERR,False,False,False
2026-09-26 07:47:23,ERR,ERR,ERR,ERR,False,False,False
2026-09-26 07:47:25,ERR,ERR,ERR,ERR,False,False,False
2026-09-26 07:47:27,ERR,ERR,ERR,ERR,False,False,False
2026-09-26 07:47:29,ERR,ERR,ERR,ERR,False,False,False
2026-09-26 07:47:31,ERR,ERR,ERR,ERR,False,False,False
2026-09-26 07:47:33,ERR,ERR,ERR,ERR,False,False,False
2026-09-26 07:47:35,ERR,ERR,ERR,ERR,False,False,False
2026-09-26 07:47:37,ERR,ERR,ERR,ERR,False,False,False
2026-09-26 07:47:39,ERR,ERR,ERR,ERR,False,False,False
2026-09-26 07:47:41,ERR,ERR,ERR,ERR,False,False,False
2026-09-26 07:47:43,ERR,ERR,ERR,ERR,False,False,False
2026-09-26 07:47:45,ERR,ERR,ERR,ERR,False,False,False
2026-09-26 07:47:47,ERR,ERR,ERR,ERR,False,False,False
2026-09-26 07:47:49,ERR,ERR,ERR,ERR,False,False,False
2026-09-26 07:47:51,ERR,ERR,ERR,ERR,False,False,False
2026-09-26 07:47:53,ERR,ERR,ERR,ERR,False,False,False
2026-09-26 07:47:55,ERR,ERR,ERR,ERR,False,False,False
2026-09-26 07:47:57,ERR,ERR,ERR,ERR,False,False,False
2026-09-26 07:47:59,ERR,ERR,ERR,ERR,False,False,False
2026-09-26 07:48:01,ERR,ERR,ERR,ERR,False,False,False
2026-09-26 07:48:03,ERR,ERR,ERR,ERR,False,False,False
2026-09-26 07:48:05,ERR,ERR,ERR,ERR,False,False,False
2026-09-26 07:48:07,ERR,ERR,ERR,ERR,False,False,False
2026-09-26 07:48:09,ERR,ERR,ERR,ERR,False,False,False
2026-09-26 07:48:11,ERR,ERR,ERR,ERR,False,False,False
2026-09-26 07:48:13,ERR,ERR,ERR,ERR,False,False,False
2026-09-26 07:48:15,ERR,ERR,ERR,ERR,False,False,False
2026-09-26 07:48:17,ERR,ERR,ERR,ERR,False,False,False
2026-09-26 07:48:19,ERR,ERR,ERR,ERR,False,False,False
2026-09-26 07:48:21,ERR,ERR,ERR,ERR,False,False,False
2026-09-26 07:48:23,ERR,ERR,ERR,ERR,False,False,False
2026-09-26 07:48:25,ERR,ERR,ERR,ERR,False,False,False
2026-09-26 07:48:27,ERR,ERR,ERR,ERR,False,False,False
2026-09-26 07:48:29,ERR,ERR,ERR,ERR,False,False,False
2026-09-26 07:48:31,ERR,ERR,ERR,ERR,False,False,False
2026-09-26 07:48:33,ERR,ERR,ERR,ERR,False,False,False
2026-09-26 07:48:35,ERR,ERR,ERR,ERR,False,False,False
2026-09-26 07:48:37,ERR,ERR,ERR,ERR,False,False,False
2026-09-26 07:48:39,ERR,ERR,ERR,ERR,False,False,False
2026-09-26 07:48:41,ERR,ERR,ERR,ERR,False,False,False
2026-09-26 07:48:43,ERR,ERR,ERR,ERR,False,False,False
2026-09-26 07:48:45,ERR,ERR,ERR,ERR,False,False,False
2026-09-26 07:48:47,ERR,ERR,ERR,ERR,False,False,False
2026-09-26 07:48:49,ERR,ERR,ERR,ERR,False,False,False
2026-09-26 07:48:51,ERR,ERR,ERR,ERR,False,False,False
2026-09-26 07:48:53,ERR,ERR,ERR,ERR,False,False,False
2026-09-26 07:48:55,ERR,ERR,ERR,ERR,False,False,False
2026-09-26 07:48:57,ERR,ERR,ERR,ERR,False,False,False
2026-09-26 07:48:59,ERR,ERR,ERR,ERR,False,False,False
2026-09-26 07:49:01,ERR,ERR,ERR,ERR,False,False,False
2026-09-26 07:49:03,ERR,ERR,ERR,ERR,False,False,False
2026-09-26 07:49:05,ERR,ERR,ERR,ERR,False,False,False
2026-09-26 07:49:07,ERR,ERR,ERR,ERR,False,False,False
2026-09-26 07:49:09,ERR,ERR,ERR,ERR,False,False,False
2026-09-26 07:49:11,ERR,ERR,ERR,ERR,False,False,False
2026-09-26 07:49:13,ERR,ERR,ERR,ERR,False,False,False
2026-09-26 07:49:15,ERR,ERR,ERR,ERR,False,False,False
2026-09-26 07:49:17,ERR,ERR,ERR,ERR,False,False,False
2026-09-26 07:49:19,ERR,ERR,ERR,ERR,False,False,False
2026-09-26 07:49:21,ERR,ERR,ERR,ERR,False,False,False
2026-09-26 07:49:23,ERR,ERR,ERR,ERR,False,False,False
2026-09-26 07:49:25,ERR,ERR,ERR,ERR,False,False,False
2026-09-26 07:49:27,ERR,ERR,ERR,ERR,False,False,False
2026-09-26 07:49:29,ERR,ERR,ERR,ERR,False,False,False
2026-09-26 07:49:31,ERR,ERR,ERR,ERR,False,False,False
2026-09-26 07:49:33,ERR,ERR,ERR,ERR,False,False,False
2026-09-26 07:49:35,ERR,ERR,ERR,ERR,False,False,False
2026-09-26 07:49:37,ERR,ERR,ERR,ERR,False,False,False
2026-09-26 07:49:39,ERR,ERR,ERR,ERR,False,False,False
2026-09-26 07:49:41,ERR,ERR,ERR,ERR,False,False,False
2026-09-26 07:49:43,ERR,ERR,ERR,ERR,False,False,False
2026-09-26 07:49:45,ERR,ERR,ERR,ERR,False,False,False
2026-09-26 07:49:47,ERR,ERR,ERR,ERR,False,False,False
2026-09-26 07:49:49,ERR,ERR,ERR,ERR,False,False,False
2026-09-26 07:49:51,ERR,ERR,ERR,ERR,False,False,False
2026-09-26 07:49:53,ERR,ERR,ERR,ERR,False,False,False
2026-09-26 07:49:55,ERR,ERR,ERR,ERR,False,False,False
2026-09-26 07:49:57,ERR,ERR,ERR,ERR,False,False,False
2026-09-26 07:49:59,ERR,ERR,ERR,ERR,False,False,False
2026-09-26 07:50:01,ERR,ERR,ERR,ERR,False,False,False
2026-09-26 07:50:03,ERR,ERR,ERR,ERR,False,False,False
2026-09-26 07:50:05,ERR,ERR,ERR,ERR,False,False,False
2026-09-26 07:50:07,ERR,ERR,ERR,ERR,False,False,False
2026-09-26 07:50:09,ERR,ERR,ERR,ERR,False,False,False
2026-09-26 07:50:11,ERR,ERR,ERR,ERR,False,False,False
2026-09-26 07:50:13,ERR,ERR,ERR,ERR,False,False,False
2026-09-26 07:50:15,ERR,ERR,ERR,ERR,False,False,False
2026-09-26 07:50:17,ERR,ERR,ERR,ERR,False,False,False
2026-09-26 07:50:19,ERR,ERR,ERR,ERR,False,False,False
2026-09-26 07:50:21,ERR,ERR,ERR,ERR,False,False,False
2026-09-26 07:50:23,ERR,ERR,ERR,ERR,False,False,False
2026-09-26 07:50:25,ERR,ERR,ERR,ERR,False,False,False
2026-09-26 07:50:27,ERR,ERR,ERR,ERR,False,False,False
2026-09-26 07:50:29,ERR,ERR,ERR,ERR,False,False,False
2026-09-26 07:50:31,ERR,ERR,ERR,ERR,False,False,False
2026-09-26 07:50:33,ERR,ERR,ERR,ERR,False,False,False
2026-09-26 07:50:35,ERR,ERR,ERR,ERR,False,False,False
2026-09-26 07:50:37,ERR,ERR,ERR,ERR,False,False,False
2026-09-26 07:50:39,ERR,ERR,ERR,ERR,False,False,False
2026-09-26 07:50:41,ERR,ERR,ERR,ERR,False,False,False
2026-09-26 07:50:43,ERR,ERR,ERR,ERR,False,False,False
2026-09-26 07:50:45,ERR,ERR,ERR,ERR,False,False,False
2026-09-26 07:50:47,ERR,ERR,ERR,ERR,False,False,False
2026-09-26 07:50:49,ERR,ERR,ERR,ERR,False,False,False
2026-09-26 07:50:51,ERR,ERR,ERR,ERR,False,False,False
2026-09-26 07:50:53,ERR,ERR,ERR,ERR,False,False,False
2026-09-26 07:50:55,ERR,ERR,ERR,ERR,False,False,False
2026-09-26 07:50:57,ERR,ERR,ERR,ERR,False,False,False
2026-09-26 07:50:59,ERR,ERR,ERR,ERR,False,False,False
2026-09-26 07:51:01,ERR,ERR,ERR,ERR,False,False,False
2026-09-26 07:51:03,ERR,ERR,ERR,ERR,False,False,False
2026-09-26 07:51:05,ERR,ERR,ERR,ERR,False,False,False
2026-09-26 07:51:07,ERR,ERR,ERR,ERR,False,False,False
2026-09-26 07:51:09,ERR,ERR,ERR,ERR,False,False,False
2026-09-26 07:51:11,ERR,ERR,ERR,ERR,False,False,False
2026-09-26 07:51:13,ERR,ERR,ERR,ERR,False,False,False
2026-09-26 07:51:15,ERR,ERR,ERR,ERR,False,False,False
2026-09-26 07:51:17,ERR,ERR,ERR,ERR,False,False,False
2026-09-26 07:51:19,ERR,ERR,ERR,ERR,False,False,False
2026-09-26 07:51:21,ERR,ERR,ERR,ERR,False,False,False
2026-09-26 07:51:23,ERR,ERR,ERR,ERR,False,False,False
2026-09-26 07:51:25,ERR,ERR,ERR,ERR,False,False,False
2026-09-26 07:51:27,ERR,ERR,ERR,ERR,False,False,False
2026-09-26 07:51:29,ERR,ERR,ERR,ERR,False,False,False
2026-09-26 07:51:31,ERR,ERR,ERR,ERR,False,False,False
2026-09-26 07:51:33,ERR,ERR,ERR,ERR,False,False,False
2026-09-26 07:51:35,ERR,ERR,ERR,ERR,False,False,False
2026-09-26 07:51:37,ERR,ERR,ERR,ERR,False,False,False
2026-09-26 07:51:39,ERR,ERR,ERR,ERR,False,False,False
2026-09-26 07:51:41,ERR,ERR,ERR,ERR,False,False,False
2026-09-26 07:51:44,ERR,ERR,ERR,ERR,False,False,False
2026-09-26 07:51:46,ERR,ERR,ERR,ERR,False,False,False
2026-09-26 07:51:48,ERR,ERR,ERR,ERR,False,False,False
2026-09-26 07:51:50,ERR,ERR,ERR,ERR,False,False,False
2026-09-26 07:51:52,ERR,ERR,ERR,ERR,False,False,False
2026-09-26 07:51:54,ERR,ERR,ERR,ERR,False,False,False
2026-09-26 07:51:56,ERR,ERR,ERR,ERR,False,False,False
2026-09-26 07:51:58,ERR,ERR,ERR,ERR,False,False,False
2026-09-26 07:52:00,ERR,ERR,ERR,ERR,False,False,False
2026-09-26 07:52:02,ERR,ERR,ERR,ERR,False,False,False
2026-09-26 07:52:04,ERR,ERR,ERR,ERR,False,False,False
2026-09-26 07:52:06,ERR,ERR,ERR,ERR,False,False,False
2026-09-26 07:52:08,ERR,ERR,ERR,ERR,False,False,False
2026-09-26 07:52:10,ERR,ERR,ERR,ERR,False,False,False
2026-09-26 07:52:12,ERR,ERR,ERR,ERR,False,False,False
2026-09-26 07:52:14,ERR,ERR,ERR,ERR,False,False,False
2026-09-26 07:52:16,ERR,ERR,ERR,ERR,False,False,False
2026-09-26 07:52:18,ERR,ERR,ERR,ERR,False,False,False
2026-09-26 07:52:20,ERR,ERR,ERR,ERR,False,False,False
2026-09-26 07:52:22,ERR,ERR,ERR,ERR,False,False,False
2026-09-26 07:52:24,ERR,ERR,ERR,ERR,False,False,False
2026-09-26 07:52:26,ERR,ERR,ERR,ERR,False,False,False
2026-09-26 07:52:28,ERR,ERR,ERR,ERR,False,False,False
2026-09-26 07:52:30,ERR,ERR,ERR,ERR,False,False,False
2026-09-26 07:52:32,ERR,ERR,ERR,ERR,False,False,False
2026-09-26 07:52:34,ERR,ERR,ERR,ERR,False,False,False
2026-09-26 07:52:36,ERR,ERR,ERR,ERR,False,False,False
2026-09-26 07:52:38,ERR,ERR,ERR,ERR,False,False,False
2026-09-26 07:52:40,ERR,ERR,ERR,ERR,False,False,False
2026-09-26 07:52:42,ERR,ERR,ERR,ERR,False,False,False
2026-09-26 07:52:44,ERR,ERR,ERR,ERR,False,False,False
2026-09-26 07:52:46,ERR,ERR,ERR,ERR,False,False,False
2026-09-26 07:52:48,ERR,ERR,ERR,ERR,False,False,False
2026-09-26 07:52:50,ERR,ERR,ERR,ERR,False,False,False
2026-09-26 07:52:52,ERR,ERR,ERR,ERR,False,False,False
2026-09-26 07:52:54,ERR,ERR,ERR,ERR,False,False,False
2026-09-26 07:52:56,ERR,ERR,ERR,ERR,False,False,False
2026-09-26 07:52:58,ERR,ERR,ERR,ERR,False,False,False
2026-09-26 07:53:00,ERR,ERR,ERR,ERR,False,False,False
2026-09-26 07:53:02,ERR,ERR,ERR,ERR,False,False,False
2026-09-26 07:53:04,ERR,ERR,ERR,ERR,False,False,False
2026-09-26 07:53:06,ERR,ERR,ERR,ERR,False,False,False
2026-09-26 07:53:08,ERR,ERR,ERR,ERR,False,False,False
2026-09-26 07:53:10,ERR,ERR,ERR,ERR,False,False,False
2026-09-26 07:53:12,ERR,ERR,ERR,ERR,False,False,False
2026-09-26 07:53:14,ERR,ERR,ERR,ERR,False,False,False
2026-09-26 07:53:16,ERR,ERR,ERR,ERR,False,False,False
2026-09-26 07:53:18,ERR,ERR,ERR,ERR,False,False,False
2026-09-26 07:53:20,ERR,ERR,ERR,ERR,False,False,False
2026-09-26 07:53:22,ERR,ERR,ERR,ERR,False,False,False
2026-09-26 07:53:24,ERR,ERR,ERR,ERR,False,False,False
2026-09-26 07:53:26,ERR,ERR,ERR,ERR,False,False,False
2026-09-26 07:53:28,ERR,ERR,ERR,ERR,False,False,False
2026-09-26 07:53:30,ERR,ERR,ERR,ERR,False,False,False
2026-09-26 07:53:32,ERR,ERR,ERR,ERR,False,False,False
2026-09-26 07:53:34,ERR,ERR,ERR,ERR,False,False,False
2026-09-26 07:53:36,ERR,ERR,ERR,ERR,False,False,False
2026-09-26 07:53:38,ERR,ERR,ERR,ERR,False,False,False
2026-09-26 07:53:40,ERR,ERR,ERR,ERR,False,False,False
2026-09-26 07:53:42,ERR,ERR,ERR,ERR,False,False,False
2026-09-26 07:53:44,ERR,ERR,ERR,ERR,False,False,False
2026-09-26 07:53:46,ERR,ERR,ERR,ERR,False,False,False
2026-09-26 07:53:48,ERR,ERR,ERR,ERR,False,False,False
2026-09-26 07:53:50,ERR,ERR,ERR,ERR,False,False,False
2026-09-26 07:53:52,ERR,ERR,ERR,ERR,False,False,False
2026-09-26 07:53:54,ERR,ERR,ERR,ERR,False,False,False
2026-09-26 07:53:56,ERR,ERR,ERR,ERR,False,False,False
2026-09-26 07:53:58,ERR,ERR,ERR,ERR,False,False,False
2026-09-26 07:54:00,ERR,ERR,ERR,ERR,False,False,False
2026-09-26 07:54:02,ERR,ERR,ERR,ERR,False,False,False
2026-09-26 07:54:04,ERR,ERR,ERR,ERR,False,False,False
2026-09-26 07:54:06,ERR,ERR,ERR,ERR,False,False,False
2026-09-26 07:54:08,ERR,ERR,ERR,ERR,False,False,False
2026-09-26 07:54:10,ERR,ERR,ERR,ERR,False,False,False
2026-09-26 07:54:12,ERR,ERR,ERR,ERR,False,False,False
2026-09-26 07:54:14,ERR,ERR,ERR,ERR,False,False,False
2026-09-26 07:54:16,ERR,ERR,ERR,ERR,False,False,False
2026-09-26 07:54:18,ERR,ERR,ERR,ERR,False,False,False
2026-09-26 07:54:20,ERR,ERR,ERR,ERR,False,False,False
2026-09-26 07:54:22,ERR,ERR,ERR,ERR,False,False,False
2026-09-26 07:54:24,ERR,ERR,ERR,ERR,False,False,False
2026-09-26 07:54:26,ERR,ERR,ERR,ERR,False,False,False
2026-09-26 07:54:28,ERR,ERR,ERR,ERR,False,False,False
2026-09-26 07:54:30,ERR,ERR,ERR,ERR,False,False,False
2026-09-26 07:54:32,ERR,ERR,ERR,ERR,False,False,False
2026-09-26 07:54:34,ERR,ERR,ERR,ERR,False,False,False
2026-09-26 07:54:36,ERR,ERR,ERR,ERR,False,False,False
2026-09-26 07:54:38,ERR,ERR,ERR,ERR,False,False,False
2026-09-26 07:54:40,ERR,ERR,ERR,ERR,False,False,False
2026-09-26 07:54:42,ERR,ERR,ERR,ERR,False,False,False
2026-09-26 07:54:44,ERR,ERR,ERR,ERR,False,False,False
2026-09-26 07:54:46,ERR,ERR,ERR,ERR,False,False,False
2026-09-26 07:54:48,ERR,ERR,ERR,ERR,False,False,False
2026-09-26 07:54:50,ERR,ERR,ERR,ERR,False,False,False
2026-09-26 07:54:52,ERR,ERR,ERR,ERR,False,False,False
2026-09-26 07:54:54,ERR,ERR,ERR,ERR,False,False,False
2026-09-26 07:54:56,ERR,ERR,ERR,ERR,False,False,False
2026-09-26 07:54:58,ERR,ERR,ERR,ERR,False,False,False
2026-09-26 07:55:00,ERR,ERR,ERR,ERR,False,False,False
2026-09-26 07:55:02,ERR,ERR,ERR,ERR,False,False,False
2026-09-26 07:55:04,ERR,ERR,ERR,ERR,False,False,False
2026-09-26 07:55:06,ERR,ERR,ERR,ERR,False,False,False
2026-09-26 07:55:08,ERR,ERR,ERR,ERR,False,False,False
2026-09-26 07:55:10,ERR,ERR,ERR,ERR,False,False,False
2026-09-26 07:55:12,ERR,ERR,ERR,ERR,False,False,False
2026-09-26 07:55:14,ERR,ERR,ERR,ERR,False,False,False
2026-09-26 07:55:16,ERR,ERR,ERR,ERR,False,False,False
2026-09-26 07:55:18,ERR,ERR,ERR,ERR,False,False,False
2026-09-26 07:55:20,ERR,ERR,ERR,ERR,False,False,False
2026-09-26 07:55:22,ERR,ERR,ERR,ERR,False,False,False
2026-09-26 07:55:24,ERR,ERR,ERR,ERR,False,False,False
2026-09-26 07:55:26,ERR,ERR,ERR,ERR,False,False,False
2026-09-26 07:55:28,ERR,ERR,ERR,ERR,False,False,False
2026-09-26 07:55:30,ERR,ERR,ERR,ERR,False,False,False
2026-09-26 07:55:32,ERR,ERR,ERR,ERR,False,False,False
2026-09-26 07:55:34,ERR,ERR,ERR,ERR,False,False,False
2026-09-26 07:55:36,ERR,ERR,ERR,ERR,False,False,False
2026-09-26 07:55:38,ERR,ERR,ERR,ERR,False,False,False
2026-09-26 07:55:40,ERR,ERR,ERR,ERR,False,False,False
2026-09-26 07:55:42,ERR,ERR,ERR,ERR,False,False,False
2026-09-26 07:55:44,ERR,ERR,ERR,ERR,False,False,False
2026-09-26 07:55:46,ERR,ERR,ERR,ERR,False,False,False
2026-09-26 07:55:48,ERR,ERR,ERR,ERR,False,False,False
2026-09-26 07:55:50,ERR,ERR,ERR,ERR,False,False,False
2026-09-26 07:55:52,ERR,ERR,ERR,ERR,False,False,False
2026-09-26 07:55:54,ERR,ERR,ERR,ERR,False,False,False
2026-09-26 07:55:56,ERR,ERR,ERR,ERR,False,False,False
2026-09-26 07:55:58,ERR,ERR,ERR,ERR,False,False,False
2026-09-26 07:56:00,ERR,ERR,ERR,ERR,False,False,False
2026-09-26 07:56:02,ERR,ERR,ERR,ERR,False,False,False
2026-09-26 07:56:04,ERR,ERR,ERR,ERR,False,False,False
2026-09-26 07:56:06,ERR,ERR,ERR,ERR,False,False,False
2026-09-26 07:56:08,ERR,ERR,ERR,ERR,False,False,False
2026-09-26 07:56:10,ERR,ERR,ERR,ERR,False,False,False
2026-09-26 07:56:12,ERR,ERR,ERR,ERR,False,False,False
2026-09-26 07:56:14,ERR,ERR,ERR,ERR,False,False,False
2026-09-26 07:56:16,ERR,ERR,ERR,ERR,False,False,False
2026-09-26 07:56:18,ERR,ERR,ERR,ERR,False,False,False
2026-09-26 07:56:20,ERR,ERR,ERR,ERR,False,False,False
2026-09-26 07:56:22,ERR,ERR,ERR,ERR,False,False,False
2026-09-26 07:56:24,ERR,ERR,ERR,ERR,False,False,False
2026-09-26 07:56:26,ERR,ERR,ERR,ERR,False,False,False
2026-09-26 07:56:28,ERR,ERR,ERR,ERR,False,False,False
2026-09-26 07:56:30,ERR,ERR,ERR,ERR,False,False,False
2026-09-26 07:56:32,ERR,ERR,ERR,ERR,False,False,False
2026-09-26 07:56:34,ERR,ERR,ERR,ERR,False,False,False
2026-09-26 07:56:36,ERR,ERR,ERR,ERR,False,False,False
2026-09-26 07:56:38,ERR,ERR,ERR,ERR,False,False,False
2026-09-26 07:56:40,ERR,ERR,ERR,ERR,False,False,False
2026-09-26 07:56:42,ERR,ERR,ERR,ERR,False,False,False
2026-09-26 07:56:44,ERR,ERR,ERR,ERR,False,False,False
2026-09-26 07:56:46,ERR,ERR,ERR,ERR,False,False,False
2026-09-26 07:56:48,ERR,ERR,ERR,ERR,False,False,False
2026-09-26 07:56:50,ERR,ERR,ERR,ERR,False,False,False
2026-09-26 07:56:52,ERR,ERR,ERR,ERR,False,False,False
2026-09-26 07:56:54,ERR,ERR,ERR,ERR,False,False,False
2026-09-26 07:56:56,ERR,ERR,ERR,ERR,False,False,False
2026-09-26 07:56:58,ERR,ERR,ERR,ERR,False,False,False
2026-09-26 07:57:00,ERR,ERR,ERR,ERR,False,False,False
2026-09-26 07:57:02,ERR,ERR,ERR,ERR,False,False,False
2026-09-26 07:57:04,ERR,ERR,ERR,ERR,False,False,False
2026-09-26 07:57:06,ERR,ERR,ERR,ERR,False,False,False
2026-09-26 07:57:08,ERR,ERR,ERR,ERR,False,False,False
2026-09-26 07:57:10,ERR,ERR,ERR,ERR,False,False,False
2026-09-26 07:57:12,ERR,ERR,ERR,ERR,False,False,False
2026-09-26 07:57:14,ERR,ERR,ERR,ERR,False,False,False
2026-09-26 07:57:16,ERR,ERR,ERR,ERR,False,False,False
2026-09-26 07:57:18,ERR,ERR,ERR,ERR,False,False,False
2026-09-26 07:57:20,ERR,ERR,ERR,ERR,False,False,False
2026-09-26 07:57:22,ERR,ERR,ERR,ERR,False,False,False
2026-09-26 07:57:24,ERR,ERR,ERR,ERR,False,False,False
2026-09-26 07:57:26,ERR,ERR,ERR,ERR,False,False,False
2026-09-26 07:57:28,ERR,ERR,ERR,ERR,False,False,False
2026-09-26 07:57:30,ERR,ERR,ERR,ERR,False,False,False
2026-09-26 07:57:32,ERR,ERR,ERR,ERR,False,False,False
2026-09-26 07:57:34,ERR,ERR,ERR,ERR,False,False,False
2026-09-26 07:57:36,ERR,ERR,ERR,ERR,False,False,False
2026-09-26 07:57:38,ERR,ERR,ERR,ERR,False,False,False
2026-09-26 07:57:40,ERR,ERR,ERR,ERR,False,False,False
2026-09-26 07:57:42,ERR,ERR,ERR,ERR,False,False,False
2026-09-26 07:57:44,ERR,ERR,ERR,ERR,False,False,False
2026-09-26 07:57:46,ERR,ERR,ERR,ERR,False,False,False
2026-09-26 07:57:48,ERR,ERR,ERR,ERR,False,False,False
2026-09-26 07:57:50,ERR,ERR,ERR,ERR,False,False,False
2026-09-26 07:57:52,ERR,ERR,ERR,ERR,False,False,False
2026-09-26 07:57:54,ERR,ERR,ERR,ERR,False,False,False
2026-09-26 07:57:56,ERR,ERR,ERR,ERR,False,False,False
2026-09-26 07:57:58,ERR,ERR,ERR,ERR,False,False,False
2026-09-26 07:58:00,ERR,ERR,ERR,ERR,False,False,False
2026-09-26 07:58:02,ERR,ERR,ERR,ERR,False,False,False
2026-09-26 07:58:04,ERR,ERR,ERR,ERR,False,False,False
2026-09-26 07:58:06,ERR,ERR,ERR,ERR,False,False,False
2026-09-26 07:58:08,ERR,ERR,ERR,ERR,False,False,False
2026-09-26 07:58:10,ERR,ERR,ERR,ERR,False,False,False
2026-09-26 07:58:12,ERR,ERR,ERR,ERR,False,False,False
2026-09-26 07:58:14,ERR,ERR,ERR,ERR,False,False,False
2026-09-26 07:58:16,ERR,ERR,ERR,ERR,False,False,False
2026-09-26 07:58:18,ERR,ERR,ERR,ERR,False,False,False
2026-09-26 07:58:20,ERR,ERR,ERR,ERR,False,False,False
2026-09-26 07:58:22,ERR,ERR,ERR,ERR,False,False,False
2026-09-26 07:58:24,ERR,ERR,ERR,ERR,False,False,False
2026-09-26 07:58:26,ERR,ERR,ERR,ERR,False,False,False
2026-09-26 07:58:28,ERR,ERR,ERR,ERR,False,False,False
2026-09-26 07:58:30,ERR,ERR,ERR,ERR,False,False,False
2026-09-26 07:58:32,ERR,ERR,ERR,ERR,False,False,False
2026-09-26 07:58:34,ERR,ERR,ERR,ERR,False,False,False
2026-09-26 07:58:36,ERR,ERR,ERR,ERR,False,False,False
2026-09-26 07:58:38,ERR,ERR,ERR,ERR,False,False,False
2026-09-26 07:58:40,ERR,ERR,ERR,ERR,False,False,False
2026-09-26 07:58:42,ERR,ERR,ERR,ERR,False,False,False
2026-09-26 07:58:44,ERR,ERR,ERR,ERR,False,False,False
2026-09-26 07:58:46,ERR,ERR,ERR,ERR,False,False,False
2026-09-26 07:58:48,ERR,ERR,ERR,ERR,False,False,False
2026-09-26 07:58:50,ERR,ERR,ERR,ERR,False,False,False
2026-09-26 07:58:52,ERR,ERR,ERR,ERR,False,False,False
2026-09-26 07:58:54,ERR,ERR,ERR,ERR,False,False,False
2026-09-26 07:58:56,ERR,ERR,ERR,ERR,False,False,False
2026-09-26 07:58:58,ERR,ERR,ERR,ERR,False,False,False
2026-09-26 07:59:00,ERR,ERR,ERR,ERR,False,False,False
2026-09-26 07:59:02,ERR,ERR,ERR,ERR,False,False,False
2026-09-26 07:59:04,ERR,ERR,ERR,ERR,False,False,False
2026-09-26 07:59:06,ERR,ERR,ERR,ERR,False,False,False
2026-09-26 07:59:08,ERR,ERR,ERR,ERR,False,False,False
2026-09-26 07:59:10,ERR,ERR,ERR,ERR,False,False,False
2026-09-26 07:59:12,ERR,ERR,ERR,ERR,False,False,False
2026-09-26 07:59:14,ERR,ERR,ERR,ERR,False,False,False
2026-09-26 07:59:16,ERR,ERR,ERR,ERR,False,False,False
2026-09-26 07:59:18,ERR,ERR,ERR,ERR,False,False,False
2026-09-26 07:59:20,ERR,ERR,ERR,ERR,False,False,False
2026-09-26 07:59:22,ERR,ERR,ERR,ERR,False,False,False
2026-09-26 07:59:24,ERR,ERR,ERR,ERR,False,False,False
2026-09-26 07:59:26,ERR,ERR,ERR,ERR,False,False,False
2026-09-26 07:59:28,ERR,ERR,ERR,ERR,False,False,False
2026-09-26 07:59:30,ERR,ERR,ERR,ERR,False,False,False
2026-09-26 07:59:32,ERR,ERR,ERR,ERR,False,False,False
2026-09-26 07:59:34,ERR,ERR,ERR,ERR,False,False,False
2026-09-26 07:59:36,ERR,ERR,ERR,ERR,False,False,False
2026-09-26 07:59:38,ERR,ERR,ERR,ERR,False,False,False
2026-09-26 07:59:40,ERR,ERR,ERR,ERR,False,False,False
2026-09-26 07:59:42,ERR,ERR,ERR,ERR,False,False,False
2026-09-26 07:59:44,ERR,ERR,ERR,ERR,False,False,False
2026-09-26 07:59:46,ERR,ERR,ERR,ERR,False,False,False
2026-09-26 07:59:48,28.9,89,0,0,True,False,False
2026-09-26 07:59:50,28.9,89,0,0,True,False,False
2026-09-26 07:59:52,28.9,90,0,0,True,False,False
2026-09-26 07:59:54,28.9,91,0,0,True,False,False
2026-09-26 07:59:56,28.9,91,0,0,True,False,False
2026-09-26 07:59:58,28.9,91,0,0,True,False,False
2026-09-26 08:00:00,28.9,91,0,0,True,False,False
2026-09-26 08:00:02,28.9,91,0,0,True,False,False
2026-09-26 08:00:04,28.9,91,0,0,True,False,False
2026-09-26 08:00:06,28.9,91,0,0,True,False,False
2026-09-26 08:00:08,28.9,91,0,0,True,False,False
2026-09-26 08:00:10,28.9,91,0,0,True,False,False
2026-09-26 08:00:12,28.9,91,0,0,True,False,False
2026-09-26 08:00:14,28.9,91,0,0,True,False,False
2026-09-26 08:00:16,28.9,91,0,0,True,False,False
2026-09-26 08:00:18,28.9,91,0,0,True,False,False
2026-09-26 08:00:20,28.9,91,0,0,True,False,False
2026-09-26 08:00:22,28.9,91,0,0,True,False,False
2026-09-26 08:00:24,28.9,91,0,0,True,False,False
2026-09-26 08:00:26,28.9,91,0,0,True,False,False
2026-09-26 08:00:28,28.9,91,0,0,True,False,False
2026-09-26 08:00:30,28.9,91,0,0,True,False,False
2026-09-26 08:00:32,28.9,91,0,0,True,False,False
2026-09-26 08:00:34,28.9,92,0,0,True,False,False
2026-09-26 08:00:36,28.9,91,0,0,True,False,False
2026-09-26 08:00:38,28.9,91,0,0,True,False,False
2026-09-26 08:00:40,28.9,92,0,0,True,False,False
2026-09-26 08:00:42,28.9,92,0,0,True,False,False
2026-09-26 08:00:44,28.9,92,0,0,True,False,False
2026-09-26 08:00:46,28.9,92,0,0,True,False,False
2026-09-26 08:00:48,28.9,92,0,0,True,False,False
2026-09-26 08:00:50,28.9,92,0,0,True,False,False
2026-09-26 08:00:52,28.9,92,0,0,True,False,False
2026-09-26 08:00:54,28.9,92,0,0,True,False,False
2026-09-26 08:00:56,28.9,92,0,0,True,False,False
2026-09-26 08:00:58,28.9,92,0,0,True,False,False
2026-09-26 08:01:00,28.9,92,0,0,True,False,False
2026-09-26 08:01:02,28.9,92,0,0,True,False,False
2026-09-26 08:01:04,28.9,92,0,0,True,False,False
2026-09-26 08:01:06,28.9,92,0,0,True,False,False
2026-09-26 08:01:08,28.9,92,0,0,True,False,False
2026-09-26 08:01:10,28.9,92,0,0,True,False,False
2026-09-26 08:01:12,28.9,92,0,0,True,False,False
2026-09-26 08:01:14,28.9,92,0,0,True,False,False
2026-09-26 08:01:16,28.9,92,0,0,True,False,False
2026-09-26 08:01:18,28.9,92,0,0,True,False,False
2026-09-26 08:01:20,28.9,92,0,0,True,False,False
2026-09-26 08:01:22,28.9,92,0,0,True,False,False
2026-09-26 08:01:24,28.9,92,0,0,True,False,False
2026-09-26 08:01:27,28.9,92,0,0,True,False,False
2026-09-26 08:01:29,28.9,92,0,0,True,False,False
2026-09-26 08:01:31,28.9,92,0,0,True,False,False
2026-09-26 08:01:33,28.9,92,0,0,True,False,False
2026-09-26 08:01:35,28.9,92,0,0,True,False,False
2026-09-26 08:01:37,28.9,92,0,0,True,False,False
2026-09-26 08:01:39,28.9,92,0,0,True,False,False
2026-09-26 08:01:41,28.9,92,0,0,True,False,False
2026-09-26 08:01:43,28.9,92,0,0,True,False,False
2026-09-26 08:01:45,28.9,92,0,0,True,False,False
2026-09-26 08:01:47,28.9,92,0,0,True,False,False
2026-09-26 08:01:49,28.9,92,0,0,True,False,False
2026-09-26 08:01:51,28.9,92,0,0,True,False,False
2026-09-26 08:01:53,28.9,92,0,0,True,False,False
2026-09-26 08:01:55,28.9,92,0,0,True,False,False
2026-09-26 08:01:57,28.9,92,0,0,True,False,False
2026-09-26 08:01:59,28.9,92,0,0,True,False,False
2026-09-26 08:02:01,28.9,92,0,0,True,False,False
2026-09-26 08:02:03,28.9,92,0,0,True,False,False
2026-09-26 08:02:05,28.9,92,0,0,True,False,False
2026-09-26 08:02:07,28.9,92,0,0,True,False,False
2026-09-26 08:02:09,28.9,92,0,0,True,False,False
2026-09-26 08:02:11,28.9,92,0,0,True,False,False
2026-09-26 08:02:13,28.9,92,0,0,True,False,False
2026-09-26 08:02:15,28.9,92,0,0,True,False,False
2026-09-26 08:02:17,28.9,92,0,0,True,False,False
2026-09-26 08:02:19,28.9,92,0,0,True,False,False
2026-09-26 08:02:21,28.9,91,0,0,True,False,False
2026-09-26 08:02:23,28.9,91,0,0,True,False,False
2026-09-26 08:02:25,28.9,91,0,0,True,False,False
2026-09-26 08:02:27,28.9,91,0,0,True,False,False
2026-09-26 08:02:29,28.9,91,0,0,True,False,False
2026-09-26 08:02:31,28.9,91,0,0,True,False,False
2026-09-26 08:02:33,28.9,91,0,0,True,False,False
2026-09-26 08:02:35,28.9,91,0,0,True,False,False
2026-09-26 08:02:37,28.9,91,0,0,True,False,False
2026-09-26 08:02:39,28.9,91,0,0,True,False,False
2026-09-26 08:02:41,28.9,91,0,0,True,False,False
2026-09-26 08:02:43,28.9,91,0,0,True,False,False
2026-09-26 08:02:45,28.9,91,0,0,True,False,False
2026-09-26 08:02:47,28.9,92,0,0,True,False,False
2026-09-26 08:02:49,28.9,92,0,0,True,False,False
2026-09-26 08:02:51,28.9,92,0,0,True,False,False
2026-09-26 08:02:53,28.9,92,0,0,True,False,False
2026-09-26 08:02:55,28.9,92,0,0,True,False,False
2026-09-26 08:02:57,28.9,91,0,0,True,False,False
2026-09-26 08:02:59,28.9,91,0,0,True,False,False
2026-09-26 08:03:01,28.9,91,0,0,True,False,False
2026-09-26 08:03:03,28.9,91,0,0,True,False,False
2026-09-26 08:03:05,28.9,91,0,0,True,False,False
2026-09-26 08:03:07,28.9,91,0,0,True,False,False
2026-09-26 08:03:09,28.9,91,16,0,True,False,False
2026-09-26 08:03:11,28.9,91,0,0,True,False,False
2026-09-26 08:03:13,28.9,91,0,0,True,False,False
2026-09-26 08:03:15,28.9,91,0,0,True,False,False
2026-09-26 08:03:17,28.9,91,0,0,True,False,False
2026-09-26 08:03:19,28.9,91,43,0,False,False,False
2026-09-26 08:03:21,28.9,91,43,0,False,False,False
2026-09-26 08:03:23,28.9,91,69,0,False,False,False
2026-09-26 08:03:25,28.9,91,68,0,False,False,False
2026-09-26 08:03:27,28.9,92,68,0,False,False,False
2026-09-26 08:03:29,28.9,91,68,0,False,False,False
2026-09-26 08:03:31,28.9,91,69,0,False,False,False
2026-09-26 08:03:33,28.9,91,69,0,False,False,False
2026-09-26 08:03:35,28.9,91,68,0,False,False,False
2026-09-26 08:03:37,28.9,91,68,0,False,False,False
2026-09-26 08:03:39,28.9,91,68,0,False,False,False
2026-09-26 08:03:41,28.9,91,67,0,False,False,False
2026-09-26 08:03:43,28.9,92,66,0,False,False,False
2026-09-26 08:03:45,28.9,92,66,0,False,False,False
2026-09-26 08:03:47,28.9,92,64,0,False,False,False
2026-09-26 08:03:49,28.9,92,64,0,False,False,False
2026-09-26 08:03:51,28.9,92,64,0,False,False,False
2026-09-26 08:03:53,28.9,92,64,0,False,False,False
2026-09-26 08:03:55,28.9,92,64,0,False,False,False
2026-09-26 08:03:57,28.9,92,63,0,False,False,False
2026-09-26 08:03:59,28.9,92,63,0,False,False,False
2026-09-26 08:04:01,28.9,92,62,0,False,False,False
2026-09-26 08:04:03,28.9,92,63,0,False,False,False
2026-09-26 08:04:05,28.9,92,62,0,False,False,False
2026-09-26 08:04:07,28.9,92,62,0,False,False,False
2026-09-26 08:04:09,28.9,92,63,0,False,False,False
2026-09-26 08:04:11,28.9,92,62,0,False,False,False
2026-09-26 08:04:13,28.9,92,62,0,False,False,False
2026-09-26 08:04:15,28.9,92,62,0,False,False,False
2026-09-26 08:04:17,28.9,92,61,0,False,False,False
2026-09-26 08:04:19,28.9,92,61,0,False,False,False
2026-09-26 08:04:21,28.9,92,62,0,False,False,False
2026-09-26 08:04:23,28.9,92,61,0,False,False,False
2026-09-26 08:04:25,28.9,92,61,0,False,False,False
2026-09-26 08:04:27,28.9,92,62,0,False,False,False
2026-09-26 08:04:29,28.9,92,61,0,False,False,False
2026-09-26 08:04:31,28.9,92,62,0,False,False,False
2026-09-26 08:04:33,28.9,92,61,0,False,False,False
2026-09-26 08:04:35,28.9,92,62,0,False,False,False
2026-09-26 08:04:37,28.9,92,61,0,False,False,False
2026-09-26 08:04:39,28.9,92,61,0,False,False,False
2026-09-26 08:04:41,28.9,92,61,0,False,False,False
2026-09-26 08:04:43,28.9,92,62,0,False,False,False
2026-09-26 08:04:45,28.9,92,61,0,False,False,False
2026-09-26 08:04:47,28.9,92,61,0,False,False,False
2026-09-26 08:04:49,28.9,92,62,0,False,False,False
2026-09-26 08:04:51,28.9,92,61,0,False,False,False
2026-09-26 08:04:53,28.9,92,61,0,False,False,False
2026-09-26 08:04:55,28.9,92,61,0,False,False,False
2026-09-26 08:04:57,28.9,92,61,0,False,False,False
2026-09-26 08:04:59,28.9,92,61,0,False,False,False
2026-09-26 08:05:01,28.9,92,62,0,False,False,False
2026-09-26 08:05:03,28.9,92,61,0,False,False,False
2026-09-26 08:05:05,28.9,92,62,0,False,False,False
2026-09-26 08:05:07,28.9,92,61,0,False,False,False
2026-09-26 08:05:09,28.9,92,61,0,False,False,False
2026-09-26 08:05:11,28.9,92,61,0,False,False,False
2026-09-26 08:05:13,28.9,92,61,0,False,False,False
2026-09-26 08:05:15,28.9,92,61,0,False,False,False
2026-09-26 08:05:17,28.9,92,60,0,False,False,False
2026-09-26 08:05:19,28.9,92,61,0,False,False,False
2026-09-26 08:05:21,28.9,92,61,0,False,False,False
2026-09-26 08:05:23,28.9,92,62,0,False,False,False
2026-09-26 08:05:25,28.9,92,61,0,False,False,False
2026-09-26 08:05:27,28.9,92,62,0,False,False,False
2026-09-26 08:05:29,28.9,92,61,0,False,False,False
2026-09-26 08:05:31,28.9,92,61,0,False,False,False
2026-09-26 08:05:33,28.9,92,62,0,False,False,False
2026-09-26 08:05:35,28.9,92,62,0,False,False,False
2026-09-26 08:05:37,28.9,92,61,0,False,False,False
2026-09-26 08:05:39,28.9,92,61,0,False,False,False
2026-09-26 08:05:41,28.9,92,61,0,False,False,False
2026-09-26 08:05:43,28.9,92,62,0,False,False,False
2026-09-26 08:05:45,28.9,92,61,0,False,False,False
2026-09-26 08:05:47,28.9,92,61,0,False,False,False
2026-09-26 08:05:49,28.9,92,62,0,False,False,False
2026-09-26 08:05:51,28.9,92,61,0,False,False,False
2026-09-26 08:05:53,28.9,92,61,0,False,False,False
2026-09-26 08:05:55,28.9,92,61,0,False,False,False
2026-09-26 08:05:57,28.9,92,61,0,False,False,False
2026-09-26 08:05:59,28.9,92,61,0,False,False,False
2026-09-26 08:06:01,28.9,92,61,0,False,False,False
2026-09-26 08:06:03,28.9,92,61,0,False,False,False
2026-09-26 08:06:05,28.9,92,61,0,False,False,False
2026-09-26 08:06:07,28.9,92,61,0,False,False,False
2026-09-26 08:06:09,28.9,92,61,0,False,False,False
2026-09-26 08:06:11,28.9,92,61,0,False,False,False
2026-09-26 08:06:13,28.9,92,62,0,False,False,False
2026-09-26 08:06:15,28.9,92,61,0,False,False,False
2026-09-26 08:06:17,28.9,92,61,0,False,False,False
2026-09-26 08:06:19,28.9,92,62,0,False,False,False
2026-09-26 08:06:21,28.9,92,62,0,False,False,False
2026-09-26 08:06:23,28.9,92,62,0,False,False,False
2026-09-26 08:06:25,28.9,92,61,0,False,False,False
2026-09-26 08:06:27,28.9,92,62,0,False,False,False
2026-09-26 08:06:29,28.9,92,62,0,False,False,False
2026-09-26 08:06:31,28.9,92,61,0,False,False,False
2026-09-26 08:06:33,28.9,92,61,0,False,False,False
2026-09-26 08:06:35,28.9,92,61,0,False,False,False
2026-09-26 08:06:37,28.9,92,62,0,False,False,False
2026-09-26 08:06:39,28.9,92,61,0,False,False,False
2026-09-26 08:06:41,28.9,92,62,0,False,False,False
2026-09-26 08:06:43,28.9,92,61,0,False,False,False
2026-09-26 08:06:45,28.9,92,62,0,False,False,False
2026-09-26 08:06:47,28.9,92,62,0,False,False,False
2026-09-26 08:06:49,28.9,92,61,0,False,False,False
2026-09-26 08:06:51,28.9,92,62,0,False,False,False
2026-09-26 08:06:53,28.9,92,61,0,False,False,False
2026-09-26 08:06:55,28.9,92,61,0,False,False,False
2026-09-26 08:06:57,28.9,92,61,0,False,False,False
2026-09-26 08:06:59,28.9,92,61,0,False,False,False
2026-09-26 08:07:01,28.9,92,62,0,False,False,False
2026-09-26 08:07:03,28.9,92,61,0,False,False,False
2026-09-26 08:07:05,28.9,92,62,0,False,False,False
2026-09-26 08:07:07,28.9,92,62,0,False,False,False
2026-09-26 08:07:09,28.9,92,62,0,False,False,False
2026-09-26 08:07:11,28.9,92,61,0,False,False,False
2026-09-26 08:07:13,28.9,92,61,0,False,False,False
2026-09-26 08:07:15,28.9,92,62,0,False,False,False
2026-09-26 08:07:17,28.9,92,61,0,False,False,False
2026-09-26 08:07:19,28.9,92,61,0,False,False,False
2026-09-26 08:07:21,28.9,92,62,0,False,False,False
2026-09-26 08:07:23,28.9,92,62,0,False,False,False
2026-09-26 08:07:25,28.9,92,62,0,False,False,False
2026-09-26 08:07:27,28.9,92,62,0,False,False,False
2026-09-26 08:07:29,28.9,92,62,0,False,False,False
2026-09-26 08:07:31,28.9,92,61,0,False,False,False
2026-09-26 08:07:33,28.9,92,61,0,False,False,False
2026-09-26 08:07:35,28.9,92,62,0,False,False,False
2026-09-26 08:07:37,28.9,92,62,0,False,False,False
2026-09-26 08:07:39,28.9,92,62,0,False,False,False
2026-09-26 08:07:41,28.9,92,61,0,False,False,False
2026-09-26 08:07:43,28.9,92,62,0,False,False,False
2026-09-26 10:15:27,ERR,ERR,ERR,ERR,False,False,False
2026-09-26 10:15:29,ERR,ERR,ERR,ERR,False,False,False
2026-09-26 10:15:31,ERR,ERR,ERR,ERR,False,False,False
2026-09-26 10:15:33,ERR,ERR,ERR,ERR,False,False,False
2026-09-26 10:15:35,ERR,ERR,ERR,ERR,False,False,False
2026-09-26 10:15:37,ERR,ERR,ERR,ERR,False,False,False
2026-09-26 10:15:39,ERR,ERR,ERR,ERR,False,False,False
2026-09-26 10:15:41,ERR,ERR,ERR,ERR,False,False,False
2026-09-26 10:16:12,ERR,ERR,ERR,ERR,False,False,False
2026-09-26 10:16:14,ERR,ERR,ERR,ERR,False,False,False
2026-09-26 10:16:16,ERR,ERR,ERR,ERR,False,False,False
2026-09-26 10:16:18,ERR,ERR,ERR,ERR,False,False,False
2026-09-26 10:16:20,ERR,ERR,ERR,ERR,False,False,False
2026-09-26 10:16:22,ERR,ERR,ERR,ERR,False,False,False
2026-09-26 10:16:24,ERR,ERR,ERR,ERR,False,False,False
2026-09-26 10:16:26,ERR,ERR,ERR,ERR,False,False,False
2026-09-26 10:16:28,ERR,ERR,ERR,ERR,False,False,False
2026-09-26 10:16:30,ERR,ERR,ERR,ERR,False,False,False
2026-09-26 10:16:32,ERR,ERR,ERR,ERR,False,False,False
2026-09-26 10:16:34,ERR,ERR,ERR,ERR,False,False,False
2026-09-26 10:16:36,ERR,ERR,ERR,ERR,False,False,False
2026-09-26 10:16:38,ERR,ERR,ERR,ERR,False,False,False
2026-09-26 10:16:40,ERR,ERR,ERR,ERR,False,False,False
2026-09-26 10:16:42,ERR,ERR,ERR,ERR,False,False,False
2026-09-26 10:16:44,ERR,ERR,ERR,ERR,False,False,False
2026-09-26 10:16:46,ERR,ERR,ERR,ERR,False,False,False
2026-09-26 10:16:48,ERR,ERR,ERR,ERR,False,False,False
2026-09-26 10:16:50,ERR,ERR,ERR,ERR,False,False,False
2026-09-26 10:16:52,ERR,ERR,ERR,ERR,False,False,False
2026-09-26 10:16:54,ERR,ERR,ERR,ERR,False,False,False
2026-09-26 10:16:56,ERR,ERR,ERR,ERR,False,False,False
2026-09-26 10:16:58,ERR,ERR,ERR,ERR,False,False,False
2026-09-26 10:17:00,ERR,ERR,ERR,ERR,False,False,False
2026-09-26 10:17:02,ERR,ERR,ERR,ERR,False,False,False
2026-09-26 10:17:04,ERR,ERR,ERR,ERR,False,False,False
2026-09-26 10:17:06,ERR,ERR,ERR,ERR,False,False,False
2026-09-26 10:17:08,ERR,ERR,ERR,ERR,False,False,False
2026-09-26 10:17:10,ERR,ERR,ERR,ERR,False,False,False
2026-09-26 10:17:12,ERR,ERR,ERR,ERR,False,False,False
2026-09-26 10:17:14,ERR,ERR,ERR,ERR,False,False,False
2026-09-26 10:17:16,ERR,ERR,ERR,ERR,False,False,False
2026-09-26 10:17:18,ERR,ERR,ERR,ERR,False,False,False
2026-09-26 10:17:20,ERR,ERR,ERR,ERR,False,False,False
2026-09-26 10:17:22,ERR,ERR,ERR,ERR,False,False,False
2026-09-26 10:17:24,ERR,ERR,ERR,ERR,False,False,False
2026-09-26 10:17:26,ERR,ERR,ERR,ERR,False,False,False
2026-09-26 10:17:28,ERR,ERR,ERR,ERR,False,False,False
2026-09-26 10:17:30,ERR,ERR,ERR,ERR,False,False,False
2026-09-26 10:17:32,ERR,ERR,ERR,ERR,False,False,False
2026-09-26 10:17:34,ERR,ERR,ERR,ERR,False,False,False
2026-09-26 10:17:36,ERR,ERR,ERR,ERR,False,False,False
2026-09-26 10:17:38,ERR,ERR,ERR,ERR,False,False,False
2026-09-26 10:17:40,ERR,ERR,ERR,ERR,False,False,False
2026-09-26 10:17:42,ERR,ERR,ERR,ERR,False,False,False
2026-09-26 10:17:44,ERR,ERR,ERR,ERR,False,False,False
2026-09-26 10:17:46,ERR,ERR,ERR,ERR,False,False,False
2026-09-26 10:17:48,ERR,ERR,ERR,ERR,False,False,False
2026-09-26 10:17:50,ERR,ERR,ERR,ERR,False,False,False
2026-09-26 10:17:52,ERR,ERR,ERR,ERR,False,False,False
2026-09-26 10:17:54,ERR,ERR,ERR,ERR,False,False,False
2026-09-26 10:17:56,ERR,ERR,ERR,ERR,False,False,False
2026-09-26 10:17:58,ERR,ERR,ERR,ERR,False,False,False
2026-09-26 10:18:00,ERR,ERR,ERR,ERR,False,False,False
2026-09-26 10:18:02,ERR,ERR,ERR,ERR,False,False,False
2026-09-26 10:18:04,ERR,ERR,ERR,ERR,False,False,False
2026-09-26 10:18:06,ERR,ERR,ERR,ERR,False,False,False
2026-09-26 10:18:08,ERR,ERR,ERR,ERR,False,False,False
2026-09-26 10:18:10,ERR,ERR,ERR,ERR,False,False,False
2026-09-26 10:18:12,ERR,ERR,ERR,ERR,False,False,False
2026-09-26 10:18:14,ERR,ERR,ERR,ERR,False,False,False
2026-09-26 10:18:17,ERR,ERR,ERR,ERR,False,False,False
2026-09-26 10:18:19,ERR,ERR,ERR,ERR,False,False,False
2026-09-26 10:18:21,ERR,ERR,ERR,ERR,False,False,False
2026-09-26 10:18:23,ERR,ERR,ERR,ERR,False,False,False
2026-09-26 10:18:25,ERR,ERR,ERR,ERR,False,False,False
2026-09-26 10:18:27,ERR,ERR,ERR,ERR,False,False,False
2026-09-26 10:18:29,ERR,ERR,ERR,ERR,False,False,False
2026-09-26 10:18:31,ERR,ERR,ERR,ERR,False,False,False
2026-09-26 10:18:33,ERR,ERR,ERR,ERR,False,False,False
2026-09-26 10:18:35,ERR,ERR,ERR,ERR,False,False,False
2026-09-26 10:18:37,ERR,ERR,ERR,ERR,False,False,False
2026-09-26 10:18:39,ERR,ERR,ERR,ERR,False,False,False
2026-09-26 10:18:41,ERR,ERR,ERR,ERR,False,False,False
2026-09-26 10:18:43,ERR,ERR,ERR,ERR,False,False,False
2026-09-26 10:18:45,ERR,ERR,ERR,ERR,False,False,False
2026-09-26 10:18:47,ERR,ERR,ERR,ERR,False,False,False
2026-09-26 10:18:49,ERR,ERR,ERR,ERR,False,False,False
2026-09-26 10:18:51,ERR,ERR,ERR,ERR,False,False,False
2026-09-26 10:18:53,ERR,ERR,ERR,ERR,False,False,False
2026-09-26 10:18:55,ERR,ERR,ERR,ERR,False,False,False
2026-09-26 10:18:57,ERR,ERR,ERR,ERR,False,False,False
2026-09-26 10:18:59,ERR,ERR,ERR,ERR,False,False,False
2026-09-26 10:19:01,ERR,ERR,ERR,ERR,False,False,False
2026-09-26 10:19:03,ERR,ERR,ERR,ERR,False,False,False
2026-09-26 10:19:05,ERR,ERR,ERR,ERR,False,False,False
2026-09-26 10:19:07,ERR,ERR,ERR,ERR,False,False,False
2026-09-26 10:19:09,ERR,ERR,ERR,ERR,False,False,False
2026-09-26 10:19:11,ERR,ERR,ERR,ERR,False,False,False
2026-09-26 10:19:13,ERR,ERR,ERR,ERR,False,False,False
2026-09-26 10:19:15,ERR,ERR,ERR,ERR,False,False,False
2026-09-26 10:19:17,ERR,ERR,ERR,ERR,False,False,False
2026-09-26 10:19:19,ERR,ERR,ERR,ERR,False,False,False
2026-09-26 10:19:21,ERR,ERR,ERR,ERR,False,False,False
2026-09-26 10:19:23,ERR,ERR,ERR,ERR,False,False,False
2026-09-26 10:19:25,ERR,ERR,ERR,ERR,False,False,False
2026-09-26 10:19:27,ERR,ERR,ERR,ERR,False,False,False
2026-09-26 10:19:29,ERR,ERR,ERR,ERR,False,False,False
2026-09-26 10:19:31,ERR,ERR,ERR,ERR,False,False,False
2026-09-26 10:19:33,ERR,ERR,ERR,ERR,False,False,False
2026-09-26 10:19:35,ERR,ERR,ERR,ERR,False,False,False
2026-09-26 10:19:37,ERR,ERR,ERR,ERR,False,False,False
2026-09-26 10:19:39,ERR,ERR,ERR,ERR,False,False,False
2026-09-26 10:19:41,ERR,ERR,ERR,ERR,False,False,False
2026-09-26 10:19:43,ERR,ERR,ERR,ERR,False,False,False
2026-09-26 10:19:45,ERR,ERR,ERR,ERR,False,False,False
2026-09-26 10:19:47,ERR,ERR,ERR,ERR,False,False,False
2026-09-26 10:19:49,ERR,ERR,ERR,ERR,False,False,False
2026-09-26 10:19:51,ERR,ERR,ERR,ERR,False,False,False
2026-09-26 10:19:53,ERR,ERR,ERR,ERR,False,False,False
2026-09-26 10:19:55,ERR,ERR,ERR,ERR,False,False,False
2026-09-26 10:19:57,ERR,ERR,ERR,ERR,False,False,False
2026-09-26 10:19:59,ERR,ERR,ERR,ERR,False,False,False
2026-09-26 10:20:01,ERR,ERR,ERR,ERR,False,False,False
2026-09-26 10:20:03,ERR,ERR,ERR,ERR,False,False,False
2026-09-26 10:20:05,ERR,ERR,ERR,ERR,False,False,False
2026-09-26 10:20:07,ERR,ERR,ERR,ERR,False,False,False
2026-09-26 10:20:09,ERR,ERR,ERR,ERR,False,False,False
2026-09-26 10:20:11,ERR,ERR,ERR,ERR,False,False,False
2026-09-26 10:20:13,ERR,ERR,ERR,ERR,False,False,False
2026-09-26 10:20:15,ERR,ERR,ERR,ERR,False,False,False
2026-09-26 10:20:17,ERR,ERR,ERR,ERR,False,False,False
2026-09-26 10:20:19,ERR,ERR,ERR,ERR,False,False,False
2026-09-26 10:20:21,ERR,ERR,ERR,ERR,False,False,False
2026-09-26 10:20:23,ERR,ERR,ERR,ERR,False,False,False
2026-09-26 10:20:25,ERR,ERR,ERR,ERR,False,False,False
2026-09-26 10:20:27,ERR,ERR,ERR,ERR,False,False,False
2026-09-26 10:20:29,ERR,ERR,ERR,ERR,False,False,False
2026-09-26 10:20:31,ERR,ERR,ERR,ERR,False,False,False
2026-09-26 10:20:33,ERR,ERR,ERR,ERR,False,False,False
2026-09-26 10:20:35,ERR,ERR,ERR,ERR,False,False,False
2026-09-26 10:20:37,ERR,ERR,ERR,ERR,False,False,False
2026-09-26 10:20:39,ERR,ERR,ERR,ERR,False,False,False
2026-09-26 10:20:41,ERR,ERR,ERR,ERR,False,False,False
2026-09-26 10:20:43,ERR,ERR,ERR,ERR,False,False,False
2026-09-26 10:20:45,ERR,ERR,ERR,ERR,False,False,False
2026-09-26 10:20:47,ERR,ERR,ERR,ERR,False,False,False
2026-09-26 10:20:49,ERR,ERR,ERR,ERR,False,False,False
2026-09-26 10:20:51,ERR,ERR,ERR,ERR,False,False,False
2026-09-26 10:20:53,ERR,ERR,ERR,ERR,False,False,False
2026-09-26 10:20:55,ERR,ERR,ERR,ERR,False,False,False
2026-09-26 10:20:57,ERR,ERR,ERR,ERR,False,False,False
2026-09-26 10:20:59,ERR,ERR,ERR,ERR,False,False,False
2026-09-26 10:21:01,ERR,ERR,ERR,ERR,False,False,False
2026-09-26 10:21:03,ERR,ERR,ERR,ERR,False,False,False
2026-09-26 10:21:05,ERR,ERR,ERR,ERR,False,False,False
2026-09-26 10:21:07,ERR,ERR,ERR,ERR,False,False,False
2026-09-26 10:21:09,ERR,ERR,ERR,ERR,False,False,False
2026-09-26 10:21:11,ERR,ERR,ERR,ERR,False,False,False
2026-09-26 10:21:13,ERR,ERR,ERR,ERR,False,False,False
2026-09-26 10:21:15,ERR,ERR,ERR,ERR,False,False,False
2026-09-26 10:21:17,ERR,ERR,ERR,ERR,False,False,False
2026-09-26 10:21:19,ERR,ERR,ERR,ERR,False,False,False
2026-09-26 10:21:21,ERR,ERR,ERR,ERR,False,False,False
2026-09-26 10:21:23,ERR,ERR,ERR,ERR,False,False,False
2026-09-26 10:21:25,ERR,ERR,ERR,ERR,False,False,False
2026-09-26 10:21:27,ERR,ERR,ERR,ERR,False,False,False
2026-09-26 10:21:29,ERR,ERR,ERR,ERR,False,False,False
2026-09-26 10:21:31,ERR,ERR,ERR,ERR,False,False,False
2026-09-26 10:21:33,ERR,ERR,ERR,ERR,False,False,False
2026-09-26 10:21:35,ERR,ERR,ERR,ERR,False,False,False
2026-09-26 10:21:37,ERR,ERR,ERR,ERR,False,False,False
2026-09-26 10:21:39,ERR,ERR,ERR,ERR,False,False,False
2026-09-26 10:21:41,ERR,ERR,ERR,ERR,False,False,False
2026-09-26 10:21:43,ERR,ERR,ERR,ERR,False,False,False
2026-09-26 10:21:45,ERR,ERR,ERR,ERR,False,False,False
2026-09-26 10:21:47,ERR,ERR,ERR,ERR,False,False,False
2026-09-26 10:21:49,ERR,ERR,ERR,ERR,False,False,False
2026-09-26 10:21:51,ERR,ERR,ERR,ERR,False,False,False
2026-09-26 10:21:53,ERR,ERR,ERR,ERR,False,False,False
2026-09-26 10:21:55,ERR,ERR,ERR,ERR,False,False,False
2026-09-26 10:21:57,ERR,ERR,ERR,ERR,False,False,False
2026-09-26 10:21:59,ERR,ERR,ERR,ERR,False,False,False
2026-09-26 10:22:01,ERR,ERR,ERR,ERR,False,False,False
2026-09-26 10:22:03,ERR,ERR,ERR,ERR,False,False,False
2026-09-26 10:22:05,ERR,ERR,ERR,ERR,False,False,False
2026-09-26 10:22:07,ERR,ERR,ERR,ERR,False,False,False
2026-09-26 10:22:09,ERR,ERR,ERR,ERR,False,False,False
2026-09-26 10:22:11,ERR,ERR,ERR,ERR,False,False,False
2026-09-26 10:22:13,ERR,ERR,ERR,ERR,False,False,False
2026-09-26 10:22:15,ERR,ERR,ERR,ERR,False,False,False
2026-09-26 10:22:17,ERR,ERR,ERR,ERR,False,False,False
2026-09-26 10:22:19,ERR,ERR,ERR,ERR,False,False,False
2026-09-26 10:22:21,ERR,ERR,ERR,ERR,False,False,False
2026-09-26 10:22:23,ERR,ERR,ERR,ERR,False,False,False
2026-09-26 10:22:25,ERR,ERR,ERR,ERR,False,False,False
2026-09-26 10:22:27,ERR,ERR,ERR,ERR,False,False,False
2026-09-26 10:22:29,ERR,ERR,ERR,ERR,False,False,False
2026-09-26 10:22:31,ERR,ERR,ERR,ERR,False,False,False
2026-09-26 10:22:33,ERR,ERR,ERR,ERR,False,False,False
2026-09-26 10:22:35,ERR,ERR,ERR,ERR,False,False,False
2026-09-26 10:22:37,ERR,ERR,ERR,ERR,False,False,False
2026-09-26 10:22:39,ERR,ERR,ERR,ERR,False,False,False
2026-09-26 10:22:41,ERR,ERR,ERR,ERR,False,False,False
2026-09-26 10:22:43,ERR,ERR,ERR,ERR,False,False,False
2026-09-26 10:22:45,ERR,ERR,ERR,ERR,False,False,False
2026-09-26 10:22:47,ERR,ERR,ERR,ERR,False,False,False
2026-09-26 10:22:49,ERR,ERR,ERR,ERR,False,False,False
2026-09-26 10:22:51,ERR,ERR,ERR,ERR,False,False,False
2026-09-26 10:22:53,ERR,ERR,ERR,ERR,False,False,False
2026-09-26 10:22:55,ERR,ERR,ERR,ERR,False,False,False
2026-09-26 10:22:57,ERR,ERR,ERR,ERR,False,False,False
2026-09-26 10:22:59,ERR,ERR,ERR,ERR,False,False,False
2026-09-26 10:23:01,ERR,ERR,ERR,ERR,False,False,False
2026-09-26 10:23:03,ERR,ERR,ERR,ERR,False,False,False
2026-09-26 10:23:05,ERR,ERR,ERR,ERR,False,False,False
2026-09-26 10:23:07,ERR,ERR,ERR,ERR,False,False,False
2026-09-26 10:23:09,ERR,ERR,ERR,ERR,False,False,False
2026-09-26 10:23:11,ERR,ERR,ERR,ERR,False,False,False
2026-09-26 10:23:13,ERR,ERR,ERR,ERR,False,False,False
2026-09-26 10:23:15,ERR,ERR,ERR,ERR,False,False,False
2026-09-26 10:23:17,ERR,ERR,ERR,ERR,False,False,False
2026-09-26 10:23:19,ERR,ERR,ERR,ERR,False,False,False
2026-09-26 10:23:21,ERR,ERR,ERR,ERR,False,False,False
2026-09-26 10:23:23,ERR,ERR,ERR,ERR,False,False,False
2026-09-26 10:23:25,ERR,ERR,ERR,ERR,False,False,False
2026-09-26 10:23:27,ERR,ERR,ERR,ERR,False,False,False
2026-09-26 10:23:29,ERR,ERR,ERR,ERR,False,False,False
2026-09-26 10:23:31,ERR,ERR,ERR,ERR,False,False,False
2026-09-26 10:23:33,ERR,ERR,ERR,ERR,False,False,False
2026-09-26 10:23:35,ERR,ERR,ERR,ERR,False,False,False
2026-09-26 10:23:37,ERR,ERR,ERR,ERR,False,False,False
2026-09-26 10:23:39,ERR,ERR,ERR,ERR,False,False,False
2026-09-26 10:23:41,ERR,ERR,ERR,ERR,False,False,False
2026-09-26 10:23:43,ERR,ERR,ERR,ERR,False,False,False
2026-09-26 10:23:45,ERR,ERR,ERR,ERR,False,False,False
2026-09-26 10:23:47,ERR,ERR,ERR,ERR,False,False,False
2026-09-26 10:23:49,ERR,ERR,ERR,ERR,False,False,False
2026-09-26 10:23:51,ERR,ERR,ERR,ERR,False,False,False
2026-09-26 10:23:53,ERR,ERR,ERR,ERR,False,False,False
2026-09-26 10:23:55,ERR,ERR,ERR,ERR,False,False,False
2026-09-26 10:23:57,ERR,ERR,ERR,ERR,False,False,False
2026-09-26 10:23:59,ERR,ERR,ERR,ERR,False,False,False
2026-09-26 10:24:01,ERR,ERR,ERR,ERR,False,False,False
2026-09-26 10:24:03,ERR,ERR,ERR,ERR,False,False,False
2026-09-26 10:24:05,ERR,ERR,ERR,ERR,False,False,False
2026-09-26 10:24:07,ERR,ERR,ERR,ERR,False,False,False
2026-09-26 10:24:09,ERR,ERR,ERR,ERR,False,False,False
2026-09-26 10:24:11,ERR,ERR,ERR,ERR,False,False,False
2026-09-26 10:24:13,ERR,ERR,ERR,ERR,False,False,False
2026-09-26 10:24:15,ERR,ERR,ERR,ERR,False,False,False
2026-09-26 10:24:17,ERR,ERR,ERR,ERR,False,False,False
2026-09-26 10:24:19,ERR,ERR,ERR,ERR,False,False,False
2026-09-26 10:24:21,ERR,ERR,ERR,ERR,False,False,False
2026-09-26 10:24:23,ERR,ERR,ERR,ERR,False,False,False
2026-09-26 10:24:25,ERR,ERR,ERR,ERR,False,False,False
2026-09-26 10:24:27,ERR,ERR,ERR,ERR,False,False,False
2026-09-26 10:24:29,ERR,ERR,ERR,ERR,False,False,False
2026-09-26 10:24:31,ERR,ERR,ERR,ERR,False,False,False
2026-09-26 10:24:33,ERR,ERR,ERR,ERR,False,False,False
2026-09-26 10:24:35,ERR,ERR,ERR,ERR,False,False,False
2026-09-26 10:24:37,ERR,ERR,ERR,ERR,False,False,False
2026-09-26 10:24:39,ERR,ERR,ERR,ERR,False,False,False
2026-09-26 10:24:41,ERR,ERR,ERR,ERR,False,False,False
2026-09-26 10:24:43,ERR,ERR,ERR,ERR,False,False,False
2026-09-26 10:24:45,ERR,ERR,ERR,ERR,False,False,False
2026-09-26 10:24:47,ERR,ERR,ERR,ERR,False,False,False
2026-09-26 10:24:49,ERR,ERR,ERR,ERR,False,False,False
2026-09-26 10:24:51,ERR,ERR,ERR,ERR,False,False,False
2026-09-26 10:24:53,ERR,ERR,ERR,ERR,False,False,False
2026-09-26 10:24:55,ERR,ERR,ERR,ERR,False,False,False
2026-09-26 10:24:57,ERR,ERR,ERR,ERR,False,False,False
2026-09-26 10:24:59,ERR,ERR,ERR,ERR,False,False,False
2026-09-26 10:25:01,ERR,ERR,ERR,ERR,False,False,False
2026-09-26 10:25:03,ERR,ERR,ERR,ERR,False,False,False
2026-09-26 10:25:05,ERR,ERR,ERR,ERR,False,False,False
2026-09-26 10:25:07,ERR,ERR,ERR,ERR,False,False,False
2026-09-26 10:25:09,ERR,ERR,ERR,ERR,False,False,False
2026-09-26 10:25:11,ERR,ERR,ERR,ERR,False,False,False
2026-09-26 10:25:13,ERR,ERR,ERR,ERR,False,False,False
2026-09-26 10:25:15,ERR,ERR,ERR,ERR,False,False,False
2026-09-26 10:25:17,ERR,ERR,ERR,ERR,False,False,False
2026-09-26 10:25:19,ERR,ERR,ERR,ERR,False,False,False
2026-09-26 10:25:21,ERR,ERR,ERR,ERR,False,False,False
2026-09-26 10:25:23,ERR,ERR,ERR,ERR,False,False,False
2026-09-26 10:25:25,ERR,ERR,ERR,ERR,False,False,False
2026-09-26 10:25:27,ERR,ERR,ERR,ERR,False,False,False
2026-09-26 10:25:29,ERR,ERR,ERR,ERR,False,False,False
2026-09-26 10:25:31,ERR,ERR,ERR,ERR,False,False,False
2026-09-26 10:25:33,ERR,ERR,ERR,ERR,False,False,False
2026-09-26 10:25:35,ERR,ERR,ERR,ERR,False,False,False
2026-09-26 10:25:37,ERR,ERR,ERR,ERR,False,False,False
2026-09-26 10:25:39,ERR,ERR,ERR,ERR,False,False,False
2026-09-26 10:25:41,ERR,ERR,ERR,ERR,False,False,False
2026-09-26 10:25:43,ERR,ERR,ERR,ERR,False,False,False
2026-09-26 10:25:45,ERR,ERR,ERR,ERR,False,False,False
2026-09-26 10:25:47,ERR,ERR,ERR,ERR,False,False,False
2026-09-26 10:25:49,ERR,ERR,ERR,ERR,False,False,False
2026-09-26 10:25:51,ERR,ERR,ERR,ERR,False,False,False
2026-09-26 10:25:53,ERR,ERR,ERR,ERR,False,False,False
2026-09-26 10:25:55,ERR,ERR,ERR,ERR,False,False,False
2026-09-26 10:25:57,ERR,ERR,ERR,ERR,False,False,False
2026-09-26 10:25:59,ERR,ERR,ERR,ERR,False,False,False
2026-09-26 10:26:01,ERR,ERR,ERR,ERR,False,False,False
2026-09-26 10:26:03,ERR,ERR,ERR,ERR,False,False,False
2026-09-26 10:26:05,ERR,ERR,ERR,ERR,False,False,False
2026-09-26 10:26:07,ERR,ERR,ERR,ERR,False,False,False
2026-09-26 10:26:09,ERR,ERR,ERR,ERR,False,False,False
2026-09-26 10:26:11,ERR,ERR,ERR,ERR,False,False,False
2026-09-26 10:26:13,ERR,ERR,ERR,ERR,False,False,False
2026-09-26 10:26:15,ERR,ERR,ERR,ERR,False,False,False
2026-09-26 10:26:17,ERR,ERR,ERR,ERR,False,False,False
2026-09-26 10:26:19,ERR,ERR,ERR,ERR,False,False,False
2026-09-26 10:26:21,ERR,ERR,ERR,ERR,False,False,False
2026-09-26 10:26:23,ERR,ERR,ERR,ERR,False,False,False
2026-09-26 10:26:25,ERR,ERR,ERR,ERR,False,False,False
2026-09-26 10:26:27,ERR,ERR,ERR,ERR,False,False,False
2026-09-26 10:26:29,ERR,ERR,ERR,ERR,False,False,False
2026-09-26 10:26:31,ERR,ERR,ERR,ERR,False,False,False
2026-09-26 10:26:33,ERR,ERR,ERR,ERR,False,False,False
2026-09-26 10:26:35,ERR,ERR,ERR,ERR,False,False,False
2026-09-26 10:26:37,ERR,ERR,ERR,ERR,False,False,False
2026-09-26 10:26:39,ERR,ERR,ERR,ERR,False,False,False
2026-09-26 10:26:41,ERR,ERR,ERR,ERR,False,False,False
2026-09-26 10:26:43,ERR,ERR,ERR,ERR,False,False,False
2026-09-26 10:26:45,ERR,ERR,ERR,ERR,False,False,False
2026-09-26 10:26:47,ERR,ERR,ERR,ERR,False,False,False
2026-09-26 10:26:49,ERR,ERR,ERR,ERR,False,False,False
2026-09-26 10:26:51,ERR,ERR,ERR,ERR,False,False,False
2026-09-26 10:26:53,ERR,ERR,ERR,ERR,False,False,False
2026-09-26 10:26:55,ERR,ERR,ERR,ERR,False,False,False
2026-09-26 10:26:57,ERR,ERR,ERR,ERR,False,False,False
2026-09-26 10:26:59,ERR,ERR,ERR,ERR,False,False,False
2026-09-26 10:27:01,ERR,ERR,ERR,ERR,False,False,False
2026-09-26 10:27:03,ERR,ERR,ERR,ERR,False,False,False
2026-09-26 10:27:05,ERR,ERR,ERR,ERR,False,False,False
2026-09-26 10:27:07,ERR,ERR,ERR,ERR,False,False,False
2026-09-26 10:27:09,ERR,ERR,ERR,ERR,False,False,False
2026-09-26 10:27:11,ERR,ERR,ERR,ERR,False,False,False
2026-09-26 10:27:13,ERR,ERR,ERR,ERR,False,False,False
2026-09-26 10:27:16,ERR,ERR,ERR,ERR,False,False,False
2026-09-26 10:27:18,ERR,ERR,ERR,ERR,False,False,False
2026-09-26 10:27:20,ERR,ERR,ERR,ERR,False,False,False
2026-09-26 10:27:22,ERR,ERR,ERR,ERR,False,False,False
2026-09-26 10:27:24,ERR,ERR,ERR,ERR,False,False,False
2026-09-26 10:27:26,ERR,ERR,ERR,ERR,False,False,False
2026-09-26 10:27:28,ERR,ERR,ERR,ERR,False,False,False
2026-09-26 10:27:30,ERR,ERR,ERR,ERR,False,False,False
2026-09-26 10:27:32,ERR,ERR,ERR,ERR,False,False,False
2026-09-26 10:27:34,ERR,ERR,ERR,ERR,False,False,False
2026-09-26 10:27:36,ERR,ERR,ERR,ERR,False,False,False
2026-09-26 10:27:38,ERR,ERR,ERR,ERR,False,False,False
2026-09-26 10:27:40,ERR,ERR,ERR,ERR,False,False,False
2026-09-26 10:27:42,ERR,ERR,ERR,ERR,False,False,False
2026-09-26 10:27:44,ERR,ERR,ERR,ERR,False,False,False
2026-09-26 10:27:46,ERR,ERR,ERR,ERR,False,False,False
2026-09-26 10:27:48,ERR,ERR,ERR,ERR,False,False,False
2026-09-26 10:27:50,ERR,ERR,ERR,ERR,False,False,False
2026-09-26 10:27:52,ERR,ERR,ERR,ERR,False,False,False
2026-09-26 10:27:54,ERR,ERR,ERR,ERR,False,False,False
2026-09-26 10:27:56,ERR,ERR,ERR,ERR,False,False,False
2026-09-26 10:27:58,ERR,ERR,ERR,ERR,False,False,False
2026-09-26 10:28:00,ERR,ERR,ERR,ERR,False,False,False
2026-09-26 10:28:02,ERR,ERR,ERR,ERR,False,False,False
2026-09-26 10:28:04,ERR,ERR,ERR,ERR,False,False,False
2026-09-26 10:28:06,ERR,ERR,ERR,ERR,False,False,False
2026-09-26 10:28:08,ERR,ERR,ERR,ERR,False,False,False
2026-09-26 10:28:10,ERR,ERR,ERR,ERR,False,False,False
2026-09-26 10:28:12,ERR,ERR,ERR,ERR,False,False,False
2026-09-26 10:28:14,ERR,ERR,ERR,ERR,False,False,False
2026-09-26 10:28:16,ERR,ERR,ERR,ERR,False,False,False
2026-09-26 10:28:18,ERR,ERR,ERR,ERR,False,False,False
2026-09-26 10:28:20,ERR,ERR,ERR,ERR,False,False,False
2026-09-26 10:28:22,ERR,ERR,ERR,ERR,False,False,False
2026-09-26 10:28:24,ERR,ERR,ERR,ERR,False,False,False
2026-09-26 10:28:26,ERR,ERR,ERR,ERR,False,False,False
2026-09-26 10:28:28,ERR,ERR,ERR,ERR,False,False,False
2026-09-26 10:28:30,ERR,ERR,ERR,ERR,False,False,False
2026-09-26 10:28:32,ERR,ERR,ERR,ERR,False,False,False
2026-09-26 10:28:34,ERR,ERR,ERR,ERR,False,False,False
2026-09-26 10:28:36,ERR,ERR,ERR,ERR,False,False,False
2026-09-26 10:28:38,ERR,ERR,ERR,ERR,False,False,False
2026-09-26 10:28:40,ERR,ERR,ERR,ERR,False,False,False
2026-09-26 10:28:42,ERR,ERR,ERR,ERR,False,False,False
2026-09-26 10:28:44,ERR,ERR,ERR,ERR,False,False,False
2026-09-26 10:28:46,ERR,ERR,ERR,ERR,False,False,False
2026-09-26 10:28:48,ERR,ERR,ERR,ERR,False,False,False
2026-09-26 10:28:50,ERR,ERR,ERR,ERR,False,False,False
2026-09-26 10:28:52,ERR,ERR,ERR,ERR,False,False,False
2026-09-26 10:28:54,ERR,ERR,ERR,ERR,False,False,False
2026-09-26 10:28:56,ERR,ERR,ERR,ERR,False,False,False
2026-09-26 10:28:58,ERR,ERR,ERR,ERR,False,False,False
2026-09-26 10:29:00,ERR,ERR,ERR,ERR,False,False,False
2026-09-26 10:29:02,ERR,ERR,ERR,ERR,False,False,False
2026-09-26 10:29:04,ERR,ERR,ERR,ERR,False,False,False
2026-09-26 10:29:06,ERR,ERR,ERR,ERR,False,False,False
2026-09-26 10:29:08,ERR,ERR,ERR,ERR,False,False,False
2026-09-26 10:29:10,ERR,ERR,ERR,ERR,False,False,False
2026-09-26 10:29:12,ERR,ERR,ERR,ERR,False,False,False
2026-09-26 10:29:14,ERR,ERR,ERR,ERR,False,False,False
2026-09-26 10:29:16,ERR,ERR,ERR,ERR,False,False,False
2026-09-26 10:29:18,ERR,ERR,ERR,ERR,False,False,False
2026-09-26 10:29:20,ERR,ERR,ERR,ERR,False,False,False
2026-09-26 10:29:22,ERR,ERR,ERR,ERR,False,False,False
2026-09-26 10:29:24,ERR,ERR,ERR,ERR,False,False,False
2026-09-26 10:29:26,ERR,ERR,ERR,ERR,False,False,False
2026-09-26 10:29:28,ERR,ERR,ERR,ERR,False,False,False
2026-09-26 10:29:30,ERR,ERR,ERR,ERR,False,False,False
2026-09-26 10:29:32,ERR,ERR,ERR,ERR,False,False,False
2026-09-26 10:29:34,ERR,ERR,ERR,ERR,False,False,False
2026-09-26 10:29:36,ERR,ERR,ERR,ERR,False,False,False
2026-09-26 10:29:38,ERR,ERR,ERR,ERR,False,False,False
2026-09-26 10:29:40,ERR,ERR,ERR,ERR,False,False,False
2026-09-26 10:29:42,ERR,ERR,ERR,ERR,False,False,False
2026-09-26 10:29:44,ERR,ERR,ERR,ERR,False,False,False
2026-09-26 10:29:46,ERR,ERR,ERR,ERR,False,False,False
2026-09-26 10:29:48,ERR,ERR,ERR,ERR,False,False,False
2026-09-26 10:29:50,ERR,ERR,ERR,ERR,False,False,False
2026-09-26 10:29:52,ERR,ERR,ERR,ERR,False,False,False
2026-09-26 10:29:54,ERR,ERR,ERR,ERR,False,False,False
2026-09-26 10:29:56,ERR,ERR,ERR,ERR,False,False,False
2026-09-26 10:29:58,ERR,ERR,ERR,ERR,False,False,False
2026-09-26 10:30:00,ERR,ERR,ERR,ERR,False,False,False
2026-09-26 10:30:02,ERR,ERR,ERR,ERR,False,False,False
2026-09-26 10:30:04,ERR,ERR,ERR,ERR,False,False,False
2026-09-26 10:30:06,ERR,ERR,ERR,ERR,False,False,False
2026-09-26 10:30:08,ERR,ERR,ERR,ERR,False,False,False
2026-09-26 10:30:10,ERR,ERR,ERR,ERR,False,False,False
2026-09-26 10:30:12,ERR,ERR,ERR,ERR,False,False,False
2026-09-26 10:30:14,ERR,ERR,ERR,ERR,False,False,False
2026-09-26 10:30:16,ERR,ERR,ERR,ERR,False,False,False
2026-09-26 10:30:18,ERR,ERR,ERR,ERR,False,False,False
2026-09-26 10:30:20,ERR,ERR,ERR,ERR,False,False,False
2026-09-26 10:30:22,ERR,ERR,ERR,ERR,False,False,False
2026-09-26 10:30:24,ERR,ERR,ERR,ERR,False,False,False
2026-09-26 10:30:26,ERR,ERR,ERR,ERR,False,False,False
2026-09-26 10:30:28,ERR,ERR,ERR,ERR,False,False,False
2026-09-26 10:30:30,ERR,ERR,ERR,ERR,False,False,False
2026-09-26 10:30:32,ERR,ERR,ERR,ERR,False,False,False
2026-09-26 10:30:34,ERR,ERR,ERR,ERR,False,False,False
2026-09-26 10:30:36,ERR,ERR,ERR,ERR,False,False,False
2026-09-26 10:30:38,ERR,ERR,ERR,ERR,False,False,False
2026-09-26 10:30:40,ERR,ERR,ERR,ERR,False,False,False
2026-09-26 10:30:42,ERR,ERR,ERR,ERR,False,False,False
2026-09-26 10:30:44,ERR,ERR,ERR,ERR,False,False,False
2026-09-26 10:30:46,ERR,ERR,ERR,ERR,False,False,False
2026-09-26 10:30:48,ERR,ERR,ERR,ERR,False,False,False
2026-09-26 10:30:50,ERR,ERR,ERR,ERR,False,False,False
2026-09-26 10:30:52,ERR,ERR,ERR,ERR,False,False,False
2026-09-26 10:30:54,ERR,ERR,ERR,ERR,False,False,False
2026-09-26 10:30:56,ERR,ERR,ERR,ERR,False,False,False
2026-09-26 10:30:58,ERR,ERR,ERR,ERR,False,False,False
2026-09-26 10:31:00,ERR,ERR,ERR,ERR,False,False,False
2026-09-26 10:31:02,ERR,ERR,ERR,ERR,False,False,False
2026-09-26 10:31:04,ERR,ERR,ERR,ERR,False,False,False
2026-09-26 10:31:06,ERR,ERR,ERR,ERR,False,False,False
2026-09-26 10:31:08,ERR,ERR,ERR,ERR,False,False,False
2026-09-26 10:31:10,ERR,ERR,ERR,ERR,False,False,False
2026-09-26 10:31:12,ERR,ERR,ERR,ERR,False,False,False
2026-09-26 10:31:14,ERR,ERR,ERR,ERR,False,False,False
2026-09-26 10:31:16,ERR,ERR,ERR,ERR,False,False,False
2026-09-26 10:31:18,ERR,ERR,ERR,ERR,False,False,False
2026-09-26 10:31:20,ERR,ERR,ERR,ERR,False,False,False
2026-09-26 10:31:22,ERR,ERR,ERR,ERR,False,False,False
2026-09-26 10:31:24,ERR,ERR,ERR,ERR,False,False,False
2026-09-26 10:31:26,ERR,ERR,ERR,ERR,False,False,False
2026-09-26 10:31:28,ERR,ERR,ERR,ERR,False,False,False
2026-09-26 10:31:30,ERR,ERR,ERR,ERR,False,False,False
2026-09-26 10:31:32,ERR,ERR,ERR,ERR,False,False,False
2026-09-26 10:31:34,ERR,ERR,ERR,ERR,False,False,False
2026-09-26 10:31:36,ERR,ERR,ERR,ERR,False,False,False
2026-09-26 10:31:38,ERR,ERR,ERR,ERR,False,False,False
2026-09-26 10:31:40,ERR,ERR,ERR,ERR,False,False,False
2026-09-26 10:31:42,ERR,ERR,ERR,ERR,False,False,False
2026-09-26 10:31:44,ERR,ERR,ERR,ERR,False,False,False
2026-09-26 10:31:46,ERR,ERR,ERR,ERR,False,False,False
2026-09-26 10:31:48,ERR,ERR,ERR,ERR,False,False,False
2026-09-26 10:31:50,ERR,ERR,ERR,ERR,False,False,False
2026-09-26 10:31:52,ERR,ERR,ERR,ERR,False,False,False
2026-09-26 10:31:54,ERR,ERR,ERR,ERR,False,False,False
2026-09-26 10:31:56,ERR,ERR,ERR,ERR,False,False,False
2026-09-26 10:31:58,ERR,ERR,ERR,ERR,False,False,False
2026-09-26 10:32:00,ERR,ERR,ERR,ERR,False,False,False
2026-09-26 10:32:02,ERR,ERR,ERR,ERR,False,False,False
2026-09-26 10:32:04,ERR,ERR,ERR,ERR,False,False,False
2026-09-26 10:32:06,ERR,ERR,ERR,ERR,False,False,False
2026-09-26 10:32:08,ERR,ERR,ERR,ERR,False,False,False
2026-09-26 10:32:10,ERR,ERR,ERR,ERR,False,False,False
2026-09-26 10:32:12,ERR,ERR,ERR,ERR,False,False,False
2026-09-26 10:32:14,ERR,ERR,ERR,ERR,False,False,False
2026-09-26 10:32:16,ERR,ERR,ERR,ERR,False,False,False
2026-09-26 10:32:18,ERR,ERR,ERR,ERR,False,False,False
2026-09-26 10:32:20,ERR,ERR,ERR,ERR,False,False,False
2026-09-26 10:32:22,ERR,ERR,ERR,ERR,False,False,False
2026-09-26 10:32:24,ERR,ERR,ERR,ERR,False,False,False
2026-09-26 10:32:26,ERR,ERR,ERR,ERR,False,False,False
2026-09-26 10:32:28,ERR,ERR,ERR,ERR,False,False,False
2026-09-26 10:32:30,ERR,ERR,ERR,ERR,False,False,False
2026-09-26 10:32:32,ERR,ERR,ERR,ERR,False,False,False
2026-09-26 10:32:34,ERR,ERR,ERR,ERR,False,False,False
2026-09-26 10:32:36,ERR,ERR,ERR,ERR,False,False,False
2026-09-26 10:32:38,ERR,ERR,ERR,ERR,False,False,False
2026-09-26 10:32:40,ERR,ERR,ERR,ERR,False,False,False
2026-09-26 10:32:42,ERR,ERR,ERR,ERR,False,False,False
2026-09-26 10:32:44,ERR,ERR,ERR,ERR,False,False,False
2026-09-26 10:32:46,ERR,ERR,ERR,ERR,False,False,False
2026-09-26 10:32:48,ERR,ERR,ERR,ERR,False,False,False
2026-09-26 10:32:50,ERR,ERR,ERR,ERR,False,False,False
2026-09-26 10:32:52,ERR,ERR,ERR,ERR,False,False,False
2026-09-26 10:32:54,ERR,ERR,ERR,ERR,False,False,False
2026-09-26 10:32:56,ERR,ERR,ERR,ERR,False,False,False
2026-09-26 10:32:58,ERR,ERR,ERR,ERR,False,False,False
2026-09-26 10:33:00,ERR,ERR,ERR,ERR,False,False,False
2026-09-26 10:33:02,ERR,ERR,ERR,ERR,False,False,False
2026-09-26 10:33:04,ERR,ERR,ERR,ERR,False,False,False
2026-09-26 10:33:06,ERR,ERR,ERR,ERR,False,False,False
2026-09-26 10:33:08,ERR,ERR,ERR,ERR,False,False,False
2026-09-26 10:33:10,ERR,ERR,ERR,ERR,False,False,False
2026-09-26 10:33:12,ERR,ERR,ERR,ERR,False,False,False
2026-09-26 10:33:14,ERR,ERR,ERR,ERR,False,False,False
2026-09-26 10:33:16,ERR,ERR,ERR,ERR,False,False,False
2026-09-26 10:33:18,ERR,ERR,ERR,ERR,False,False,False
2026-09-26 10:33:20,ERR,ERR,ERR,ERR,False,False,False
2026-09-26 10:33:22,ERR,ERR,ERR,ERR,False,False,False
2026-09-26 10:33:24,ERR,ERR,ERR,ERR,False,False,False
2026-09-26 10:33:26,ERR,ERR,ERR,ERR,False,False,False
2026-09-26 10:33:28,ERR,ERR,ERR,ERR,False,False,False
2026-09-26 10:33:30,ERR,ERR,ERR,ERR,False,False,False
2026-09-26 10:33:32,ERR,ERR,ERR,ERR,False,False,False
2026-09-26 10:33:34,ERR,ERR,ERR,ERR,False,False,False
2026-09-26 10:33:36,ERR,ERR,ERR,ERR,False,False,False
2026-09-26 10:33:38,ERR,ERR,ERR,ERR,False,False,False
2026-09-26 10:33:40,ERR,ERR,ERR,ERR,False,False,False
2026-09-26 10:33:42,ERR,ERR,ERR,ERR,False,False,False
2026-09-26 10:33:44,ERR,ERR,ERR,ERR,False,False,False
2026-09-26 10:33:46,ERR,ERR,ERR,ERR,False,False,False
2026-09-26 10:33:48,ERR,ERR,ERR,ERR,False,False,False
2026-09-26 10:33:50,ERR,ERR,ERR,ERR,False,False,False
2026-09-26 10:33:52,ERR,ERR,ERR,ERR,False,False,False
2026-09-26 10:33:54,ERR,ERR,ERR,ERR,False,False,False
2026-09-26 10:33:56,ERR,ERR,ERR,ERR,False,False,False
2026-09-26 10:33:58,ERR,ERR,ERR,ERR,False,False,False
2026-09-26 10:34:00,ERR,ERR,ERR,ERR,False,False,False
2026-09-26 10:34:02,ERR,ERR,ERR,ERR,False,False,False
2026-09-26 10:34:04,ERR,ERR,ERR,ERR,False,False,False
2026-09-26 10:34:06,ERR,ERR,ERR,ERR,False,False,False
2026-09-26 10:34:08,ERR,ERR,ERR,ERR,False,False,False
2026-09-26 10:34:10,ERR,ERR,ERR,ERR,False,False,False
2026-09-26 10:34:12,ERR,ERR,ERR,ERR,False,False,False
2026-09-26 10:34:14,ERR,ERR,ERR,ERR,False,False,False
2026-09-26 10:34:16,ERR,ERR,ERR,ERR,False,False,False
2026-09-26 10:34:18,ERR,ERR,ERR,ERR,False,False,False
2026-09-26 10:34:20,ERR,ERR,ERR,ERR,False,False,False
2026-09-26 10:34:22,ERR,ERR,ERR,ERR,False,False,False
2026-09-26 10:34:24,ERR,ERR,ERR,ERR,False,False,False
2026-09-26 10:34:26,ERR,ERR,ERR,ERR,False,False,False
2026-09-26 10:34:28,ERR,ERR,ERR,ERR,False,False,False
2026-09-26 10:34:30,ERR,ERR,ERR,ERR,False,False,False
2026-09-26 10:34:32,ERR,ERR,ERR,ERR,False,False,False
2026-09-26 10:34:34,ERR,ERR,ERR,ERR,False,False,False
2026-09-26 10:34:36,ERR,ERR,ERR,ERR,False,False,False
2026-09-26 10:34:38,ERR,ERR,ERR,ERR,False,False,False
2026-09-26 10:34:40,ERR,ERR,ERR,ERR,False,False,False
2026-09-26 10:34:42,ERR,ERR,ERR,ERR,False,False,False
2026-09-26 10:34:44,ERR,ERR,ERR,ERR,False,False,False
2026-09-26 10:34:46,ERR,ERR,ERR,ERR,False,False,False
2026-09-26 10:34:48,ERR,ERR,ERR,ERR,False,False,False
2026-09-26 10:34:50,ERR,ERR,ERR,ERR,False,False,False
2026-09-26 10:34:52,ERR,ERR,ERR,ERR,False,False,False
2026-09-26 10:34:54,ERR,ERR,ERR,ERR,False,False,False
2026-09-26 10:34:56,ERR,ERR,ERR,ERR,False,False,False
2026-09-26 10:34:58,ERR,ERR,ERR,ERR,False,False,False
2026-09-26 10:35:00,ERR,ERR,ERR,ERR,False,False,False
2026-09-26 10:35:02,ERR,ERR,ERR,ERR,False,False,False
2026-09-26 10:35:04,ERR,ERR,ERR,ERR,False,False,False
2026-09-26 10:35:06,ERR,ERR,ERR,ERR,False,False,False
2026-09-26 10:35:08,ERR,ERR,ERR,ERR,False,False,False
2026-09-26 10:35:10,ERR,ERR,ERR,ERR,False,False,False
2026-09-26 10:35:12,ERR,ERR,ERR,ERR,False,False,False
2026-09-26 10:35:14,ERR,ERR,ERR,ERR,False,False,False
2026-09-26 10:35:16,ERR,ERR,ERR,ERR,False,False,False
2026-09-26 10:35:18,ERR,ERR,ERR,ERR,False,False,False
2026-09-26 10:35:20,ERR,ERR,ERR,ERR,False,False,False
2026-09-26 10:35:22,ERR,ERR,ERR,ERR,False,False,False
2026-09-26 10:35:24,ERR,ERR,ERR,ERR,False,False,False
2026-09-26 10:35:26,ERR,ERR,ERR,ERR,False,False,False
2026-09-26 10:35:28,ERR,ERR,ERR,ERR,False,False,False
2026-09-26 10:35:30,ERR,ERR,ERR,ERR,False,False,False
2026-09-26 10:35:32,ERR,ERR,ERR,ERR,False,False,False
2026-09-26 10:35:34,ERR,ERR,ERR,ERR,False,False,False
2026-09-26 10:35:36,ERR,ERR,ERR,ERR,False,False,False
2026-09-26 10:35:38,ERR,ERR,ERR,ERR,False,False,False
2026-09-26 10:35:40,ERR,ERR,ERR,ERR,False,False,False
2026-09-26 10:35:42,ERR,ERR,ERR,ERR,False,False,False
2026-09-26 10:35:44,ERR,ERR,ERR,ERR,False,False,False
2026-09-26 10:35:46,ERR,ERR,ERR,ERR,False,False,False
2026-09-26 10:35:48,ERR,ERR,ERR,ERR,False,False,False
2026-09-26 10:35:50,ERR,ERR,ERR,ERR,False,False,False
2026-09-26 10:35:52,ERR,ERR,ERR,ERR,False,False,False
2026-09-26 10:35:54,ERR,ERR,ERR,ERR,False,False,False
2026-09-26 10:35:56,ERR,ERR,ERR,ERR,False,False,False
2026-09-26 10:35:58,ERR,ERR,ERR,ERR,False,False,False
2026-09-26 10:36:00,ERR,ERR,ERR,ERR,False,False,False
2026-09-26 10:36:02,ERR,ERR,ERR,ERR,False,False,False
2026-09-26 10:36:04,ERR,ERR,ERR,ERR,False,False,False
2026-09-26 10:36:06,ERR,ERR,ERR,ERR,False,False,False
2026-09-26 10:36:08,ERR,ERR,ERR,ERR,False,False,False
2026-09-26 10:36:10,ERR,ERR,ERR,ERR,False,False,False
2026-09-26 10:36:12,ERR,ERR,ERR,ERR,False,False,False
2026-09-26 10:36:14,ERR,ERR,ERR,ERR,False,False,False
2026-09-26 10:36:16,ERR,ERR,ERR,ERR,False,False,False
2026-09-26 10:36:18,ERR,ERR,ERR,ERR,False,False,False
2026-09-26 10:36:20,ERR,ERR,ERR,ERR,False,False,False
2026-09-26 10:36:22,ERR,ERR,ERR,ERR,False,False,False
2026-09-26 10:36:25,ERR,ERR,ERR,ERR,False,False,False
2026-09-26 10:36:27,ERR,ERR,ERR,ERR,False,False,False
2026-09-26 10:36:29,ERR,ERR,ERR,ERR,False,False,False
2026-09-26 10:36:31,ERR,ERR,ERR,ERR,False,False,False
2026-09-26 10:36:33,ERR,ERR,ERR,ERR,False,False,False
2026-09-26 10:36:35,ERR,ERR,ERR,ERR,False,False,False
2026-09-26 10:36:37,ERR,ERR,ERR,ERR,False,False,False
2026-09-26 10:36:39,ERR,ERR,ERR,ERR,False,False,False
2026-09-26 10:36:41,ERR,ERR,ERR,ERR,False,False,False
2026-09-26 10:36:43,ERR,ERR,ERR,ERR,False,False,False
2026-09-26 10:36:45,ERR,ERR,ERR,ERR,False,False,False
2026-09-26 10:36:47,ERR,ERR,ERR,ERR,False,False,False
2026-09-26 10:36:49,ERR,ERR,ERR,ERR,False,False,False
2026-09-26 10:36:51,ERR,ERR,ERR,ERR,False,False,False
2026-09-26 10:36:53,ERR,ERR,ERR,ERR,False,False,False
2026-09-26 10:36:55,ERR,ERR,ERR,ERR,False,False,False
2026-09-26 10:36:57,ERR,ERR,ERR,ERR,False,False,False
2026-09-26 10:36:59,ERR,ERR,ERR,ERR,False,False,False
2026-09-26 10:37:01,ERR,ERR,ERR,ERR,False,False,False
2026-09-26 10:37:03,ERR,ERR,ERR,ERR,False,False,False
2026-09-26 10:37:05,ERR,ERR,ERR,ERR,False,False,False
2026-09-26 10:37:07,ERR,ERR,ERR,ERR,False,False,False
2026-09-26 10:37:09,ERR,ERR,ERR,ERR,False,False,False
2026-09-26 10:37:11,ERR,ERR,ERR,ERR,False,False,False
2026-09-26 10:37:13,ERR,ERR,ERR,ERR,False,False,False
2026-09-26 10:37:15,ERR,ERR,ERR,ERR,False,False,False
2026-09-26 10:37:17,ERR,ERR,ERR,ERR,False,False,False
2026-09-26 10:37:19,ERR,ERR,ERR,ERR,False,False,False
2026-09-26 10:37:21,ERR,ERR,ERR,ERR,False,False,False
2026-09-26 10:37:23,ERR,ERR,ERR,ERR,False,False,False
2026-09-26 10:37:25,ERR,ERR,ERR,ERR,False,False,False
2026-09-26 10:37:27,ERR,ERR,ERR,ERR,False,False,False
2026-09-26 10:37:29,ERR,ERR,ERR,ERR,False,False,False
2026-09-26 10:37:31,ERR,ERR,ERR,ERR,False,False,False
2026-09-26 10:37:33,ERR,ERR,ERR,ERR,False,False,False
2026-09-26 10:37:35,ERR,ERR,ERR,ERR,False,False,False
2026-09-26 10:37:37,ERR,ERR,ERR,ERR,False,False,False
2026-09-26 10:37:39,ERR,ERR,ERR,ERR,False,False,False
2026-09-26 10:37:41,ERR,ERR,ERR,ERR,False,False,False
2026-09-26 10:37:43,ERR,ERR,ERR,ERR,False,False,False
2026-09-26 10:37:45,ERR,ERR,ERR,ERR,False,False,False
2026-09-26 10:37:47,ERR,ERR,ERR,ERR,False,False,False
2026-09-26 10:37:49,ERR,ERR,ERR,ERR,False,False,False
2026-09-26 10:37:51,ERR,ERR,ERR,ERR,False,False,False
2026-09-26 10:37:53,ERR,ERR,ERR,ERR,False,False,False
2026-09-26 10:37:55,ERR,ERR,ERR,ERR,False,False,False
2026-09-26 10:37:57,ERR,ERR,ERR,ERR,False,False,False
2026-09-26 10:37:59,ERR,ERR,ERR,ERR,False,False,False
2026-09-26 10:38:01,ERR,ERR,ERR,ERR,False,False,False
2026-09-26 10:38:03,ERR,ERR,ERR,ERR,False,False,False
2026-09-26 10:38:05,ERR,ERR,ERR,ERR,False,False,False
2026-09-26 10:38:07,ERR,ERR,ERR,ERR,False,False,False
2026-09-26 10:38:09,ERR,ERR,ERR,ERR,False,False,False
2026-09-26 10:38:11,ERR,ERR,ERR,ERR,False,False,False
2026-09-26 10:38:13,ERR,ERR,ERR,ERR,False,False,False
2026-09-26 10:38:15,ERR,ERR,ERR,ERR,False,False,False
2026-09-26 10:38:17,ERR,ERR,ERR,ERR,False,False,False
2026-09-26 10:38:19,ERR,ERR,ERR,ERR,False,False,False
2026-09-26 10:38:21,ERR,ERR,ERR,ERR,False,False,False
2026-09-26 10:38:23,ERR,ERR,ERR,ERR,False,False,False
2026-09-26 10:38:25,ERR,ERR,ERR,ERR,False,False,False
2026-09-26 10:38:27,ERR,ERR,ERR,ERR,False,False,False
2026-09-26 10:38:29,ERR,ERR,ERR,ERR,False,False,False
2026-09-26 10:38:31,ERR,ERR,ERR,ERR,False,False,False
2026-09-26 10:38:33,ERR,ERR,ERR,ERR,False,False,False
2026-09-26 10:38:35,ERR,ERR,ERR,ERR,False,False,False
2026-09-26 10:38:37,ERR,ERR,ERR,ERR,False,False,False
2026-09-26 10:38:39,ERR,ERR,ERR,ERR,False,False,False
2026-09-26 10:38:41,ERR,ERR,ERR,ERR,False,False,False
2026-09-26 10:38:43,ERR,ERR,ERR,ERR,False,False,False
2026-09-26 10:38:45,ERR,ERR,ERR,ERR,False,False,False
2026-09-26 10:38:47,ERR,ERR,ERR,ERR,False,False,False
2026-09-26 10:38:49,ERR,ERR,ERR,ERR,False,False,False
2026-09-26 10:38:51,ERR,ERR,ERR,ERR,False,False,False
2026-09-26 10:38:53,ERR,ERR,ERR,ERR,False,False,False
2026-09-26 10:38:55,ERR,ERR,ERR,ERR,False,False,False
2026-09-26 10:38:57,ERR,ERR,ERR,ERR,False,False,False
2026-09-26 10:38:59,ERR,ERR,ERR,ERR,False,False,False
2026-09-26 10:39:01,ERR,ERR,ERR,ERR,False,False,False
2026-09-26 10:39:03,ERR,ERR,ERR,ERR,False,False,False
2026-09-26 10:39:05,ERR,ERR,ERR,ERR,False,False,False
2026-09-26 10:39:07,ERR,ERR,ERR,ERR,False,False,False
2026-09-26 10:39:09,ERR,ERR,ERR,ERR,False,False,False
2026-09-26 10:39:11,ERR,ERR,ERR,ERR,False,False,False
2026-09-26 10:39:13,ERR,ERR,ERR,ERR,False,False,False
2026-09-26 10:39:15,ERR,ERR,ERR,ERR,False,False,False
2026-09-26 10:39:17,ERR,ERR,ERR,ERR,False,False,False
2026-09-26 10:39:19,ERR,ERR,ERR,ERR,False,False,False
2026-09-26 10:39:21,ERR,ERR,ERR,ERR,False,False,False
2026-09-26 10:39:23,ERR,ERR,ERR,ERR,False,False,False
2026-09-26 10:39:25,ERR,ERR,ERR,ERR,False,False,False
2026-09-26 10:39:27,ERR,ERR,ERR,ERR,False,False,False
2026-09-26 10:39:29,ERR,ERR,ERR,ERR,False,False,False
2026-09-26 10:39:31,ERR,ERR,ERR,ERR,False,False,False
2026-09-26 10:39:33,ERR,ERR,ERR,ERR,False,False,False
2026-09-26 10:39:35,ERR,ERR,ERR,ERR,False,False,False
2026-09-26 10:39:37,ERR,ERR,ERR,ERR,False,False,False
2026-09-26 10:39:39,ERR,ERR,ERR,ERR,False,False,False
2026-09-26 10:39:41,ERR,ERR,ERR,ERR,False,False,False
2026-09-26 10:39:43,ERR,ERR,ERR,ERR,False,False,False
2026-09-26 10:39:45,ERR,ERR,ERR,ERR,False,False,False
2026-09-26 10:39:47,ERR,ERR,ERR,ERR,False,False,False
2026-09-26 10:39:49,ERR,ERR,ERR,ERR,False,False,False
2026-09-26 10:39:51,ERR,ERR,ERR,ERR,False,False,False
2026-09-26 10:39:53,ERR,ERR,ERR,ERR,False,False,False
2026-09-26 10:39:55,ERR,ERR,ERR,ERR,False,False,False
2026-09-26 10:39:57,ERR,ERR,ERR,ERR,False,False,False
2026-09-26 10:39:59,ERR,ERR,ERR,ERR,False,False,False
2026-09-26 10:40:01,ERR,ERR,ERR,ERR,False,False,False
2026-09-26 10:40:03,ERR,ERR,ERR,ERR,False,False,False
2026-09-26 10:40:05,ERR,ERR,ERR,ERR,False,False,False
2026-09-26 10:40:07,ERR,ERR,ERR,ERR,False,False,False
2026-09-26 10:40:09,ERR,ERR,ERR,ERR,False,False,False
2026-09-26 10:40:11,ERR,ERR,ERR,ERR,False,False,False
2026-09-26 10:40:13,ERR,ERR,ERR,ERR,False,False,False
2026-09-26 10:40:15,ERR,ERR,ERR,ERR,False,False,False
2026-09-26 10:40:17,ERR,ERR,ERR,ERR,False,False,False
2026-09-26 10:40:19,ERR,ERR,ERR,ERR,False,False,False
2026-09-26 10:40:21,ERR,ERR,ERR,ERR,False,False,False
2026-09-26 10:40:23,ERR,ERR,ERR,ERR,False,False,False
2026-09-26 10:40:25,ERR,ERR,ERR,ERR,False,False,False
2026-09-26 10:40:27,ERR,ERR,ERR,ERR,False,False,False
2026-09-26 10:40:29,ERR,ERR,ERR,ERR,False,False,False
2026-09-26 10:40:31,ERR,ERR,ERR,ERR,False,False,False
2026-09-26 10:40:33,ERR,ERR,ERR,ERR,False,False,False
2026-09-26 10:40:35,ERR,ERR,ERR,ERR,False,False,False
2026-09-26 10:40:37,ERR,ERR,ERR,ERR,False,False,False
2026-09-26 10:40:39,ERR,ERR,ERR,ERR,False,False,False
2026-09-26 10:40:41,ERR,ERR,ERR,ERR,False,False,False
2026-09-26 10:40:43,ERR,ERR,ERR,ERR,False,False,False
2026-09-26 10:40:45,ERR,ERR,ERR,ERR,False,False,False
2026-09-26 10:40:47,ERR,ERR,ERR,ERR,False,False,False
2026-09-26 10:40:49,ERR,ERR,ERR,ERR,False,False,False
2026-09-26 10:40:51,ERR,ERR,ERR,ERR,False,False,False
2026-09-26 10:40:53,ERR,ERR,ERR,ERR,False,False,False
2026-09-26 10:40:55,ERR,ERR,ERR,ERR,False,False,False
2026-09-26 10:40:57,ERR,ERR,ERR,ERR,False,False,False
2026-09-26 10:40:59,ERR,ERR,ERR,ERR,False,False,False
2026-09-26 10:41:01,ERR,ERR,ERR,ERR,False,False,False
2026-09-26 10:41:03,ERR,ERR,ERR,ERR,False,False,False
2026-09-26 10:41:05,ERR,ERR,ERR,ERR,False,False,False
2026-09-26 10:41:07,ERR,ERR,ERR,ERR,False,False,False
2026-09-26 10:41:09,ERR,ERR,ERR,ERR,False,False,False
2026-09-26 10:41:11,ERR,ERR,ERR,ERR,False,False,False
2026-09-26 10:41:13,ERR,ERR,ERR,ERR,False,False,False
2026-09-26 10:41:15,ERR,ERR,ERR,ERR,False,False,False
2026-09-26 10:41:17,ERR,ERR,ERR,ERR,False,False,False
2026-09-26 10:41:19,ERR,ERR,ERR,ERR,False,False,False
2026-09-26 10:41:21,ERR,ERR,ERR,ERR,False,False,False
2026-09-26 10:41:23,ERR,ERR,ERR,ERR,False,False,False
2026-09-26 10:41:25,ERR,ERR,ERR,ERR,False,False,False
2026-09-26 10:41:27,ERR,ERR,ERR,ERR,False,False,False
2026-09-26 10:41:29,ERR,ERR,ERR,ERR,False,False,False
2026-09-26 10:41:31,ERR,ERR,ERR,ERR,False,False,False
2026-09-26 10:41:33,ERR,ERR,ERR,ERR,False,False,False
2026-09-26 10:41:35,ERR,ERR,ERR,ERR,False,False,False
2026-09-26 10:41:37,ERR,ERR,ERR,ERR,False,False,False
2026-09-26 10:41:39,ERR,ERR,ERR,ERR,False,False,False
2026-09-26 10:41:41,ERR,ERR,ERR,ERR,False,False,False
2026-09-26 10:41:43,ERR,ERR,ERR,ERR,False,False,False
2026-09-26 10:41:45,ERR,ERR,ERR,ERR,False,False,False
2026-09-26 10:41:47,ERR,ERR,ERR,ERR,False,False,False
2026-09-26 10:41:49,ERR,ERR,ERR,ERR,False,False,False
2026-09-26 10:41:51,ERR,ERR,ERR,ERR,False,False,False
2026-09-26 10:41:53,ERR,ERR,ERR,ERR,False,False,False
2026-09-26 10:41:55,ERR,ERR,ERR,ERR,False,False,False
2026-09-26 10:41:57,ERR,ERR,ERR,ERR,False,False,False
2026-09-26 10:41:59,ERR,ERR,ERR,ERR,False,False,False
2026-09-26 10:42:01,ERR,ERR,ERR,ERR,False,False,False
2026-09-26 10:42:03,ERR,ERR,ERR,ERR,False,False,False
2026-09-26 10:42:05,ERR,ERR,ERR,ERR,False,False,False
2026-09-26 10:42:07,ERR,ERR,ERR,ERR,False,False,False
2026-09-26 10:42:09,ERR,ERR,ERR,ERR,False,False,False
2026-09-26 10:42:11,ERR,ERR,ERR,ERR,False,False,False
2026-09-26 10:42:13,ERR,ERR,ERR,ERR,False,False,False
2026-09-26 10:42:15,ERR,ERR,ERR,ERR,False,False,False
2026-09-26 10:42:17,ERR,ERR,ERR,ERR,False,False,False
2026-09-26 10:42:19,ERR,ERR,ERR,ERR,False,False,False
2026-09-26 10:42:21,ERR,ERR,ERR,ERR,False,False,False
2026-09-26 10:42:23,ERR,ERR,ERR,ERR,False,False,False
2026-09-26 10:42:25,ERR,ERR,ERR,ERR,False,False,False
2026-09-26 10:42:27,ERR,ERR,ERR,ERR,False,False,False
2026-09-26 10:42:29,ERR,ERR,ERR,ERR,False,False,False
2026-09-26 10:42:31,ERR,ERR,ERR,ERR,False,False,False
2026-09-26 10:42:33,ERR,ERR,ERR,ERR,False,False,False
2026-09-26 10:42:35,ERR,ERR,ERR,ERR,False,False,False
2026-09-26 10:42:37,ERR,ERR,ERR,ERR,False,False,False
2026-09-26 10:42:39,ERR,ERR,ERR,ERR,False,False,False
2026-09-26 10:42:41,ERR,ERR,ERR,ERR,False,False,False
2026-09-26 10:42:43,ERR,ERR,ERR,ERR,False,False,False
2026-09-26 10:42:45,ERR,ERR,ERR,ERR,False,False,False
2026-09-26 10:42:47,ERR,ERR,ERR,ERR,False,False,False
2026-09-26 10:42:49,ERR,ERR,ERR,ERR,False,False,False
2026-09-26 10:42:51,ERR,ERR,ERR,ERR,False,False,False
2026-09-26 10:42:53,ERR,ERR,ERR,ERR,False,False,False
2026-09-26 10:42:55,ERR,ERR,ERR,ERR,False,False,False
2026-09-26 10:42:57,ERR,ERR,ERR,ERR,False,False,False
2026-09-26 10:42:59,ERR,ERR,ERR,ERR,False,False,False
2026-09-26 10:43:01,ERR,ERR,ERR,ERR,False,False,False
2026-09-26 10:43:03,ERR,ERR,ERR,ERR,False,False,False
2026-09-26 10:43:05,ERR,ERR,ERR,ERR,False,False,False
2026-09-26 10:43:07,ERR,ERR,ERR,ERR,False,False,False
2026-09-26 10:43:09,ERR,ERR,ERR,ERR,False,False,False
2026-09-26 10:43:11,ERR,ERR,ERR,ERR,False,False,False
2026-09-26 10:43:13,ERR,ERR,ERR,ERR,False,False,False
2026-09-26 10:43:15,ERR,ERR,ERR,ERR,False,False,False
2026-09-26 10:43:17,ERR,ERR,ERR,ERR,False,False,False
2026-09-26 10:43:19,ERR,ERR,ERR,ERR,False,False,False
2026-09-26 10:43:21,ERR,ERR,ERR,ERR,False,False,False
2026-09-26 10:43:23,ERR,ERR,ERR,ERR,False,False,False
2026-09-26 10:43:25,ERR,ERR,ERR,ERR,False,False,False
2026-09-26 10:43:27,ERR,ERR,ERR,ERR,False,False,False
2026-09-26 10:43:29,ERR,ERR,ERR,ERR,False,False,False
2026-09-26 10:43:31,ERR,ERR,ERR,ERR,False,False,False
2026-09-26 10:43:33,ERR,ERR,ERR,ERR,False,False,False
2026-09-26 10:43:35,ERR,ERR,ERR,ERR,False,False,False
2026-09-26 10:43:37,ERR,ERR,ERR,ERR,False,False,False
2026-09-26 10:43:39,ERR,ERR,ERR,ERR,False,False,False
2026-09-26 10:43:41,ERR,ERR,ERR,ERR,False,False,False
2026-09-26 10:43:43,ERR,ERR,ERR,ERR,False,False,False
2026-09-26 10:43:45,ERR,ERR,ERR,ERR,False,False,False
2026-09-26 10:43:47,ERR,ERR,ERR,ERR,False,False,False
2026-09-26 10:43:49,ERR,ERR,ERR,ERR,False,False,False
2026-09-26 10:43:51,ERR,ERR,ERR,ERR,False,False,False
2026-09-26 10:43:53,ERR,ERR,ERR,ERR,False,False,False
2026-09-26 10:43:55,ERR,ERR,ERR,ERR,False,False,False
2026-09-26 10:43:57,ERR,ERR,ERR,ERR,False,False,False
2026-09-26 10:43:59,ERR,ERR,ERR,ERR,False,False,False
